fname,label
Abyssinian_192.jpg,Abyssinian
Abyssinian_112.jpg,Abyssinian
Abyssinian_126.jpg,Abyssinian
Abyssinian_60.jpg,Abyssinian
Abyssinian_26.jpg,Abyssinian
Abyssinian_219.jpg,Abyssinian
Abyssinian_164.jpg,Abyssinian
Abyssinian_72.jpg,Abyssinian
Abyssinian_76.jpg,Abyssinian
Abyssinian_14.jpg,Abyssinian
Abyssinian_16.jpg,Abyssinian
Abyssinian_83.jpg,Abyssinian
Abyssinian_68.jpg,Abyssinian
Abyssinian_173.jpg,Abyssinian
Abyssinian_87.jpg,Abyssinian
Abyssinian_79.jpg,Abyssinian
Abyssinian_150.jpg,Abyssinian
Abyssinian_54.jpg,Abyssinian
Abyssinian_177.jpg,Abyssinian
Abyssinian_161.jpg,Abyssinian
Abyssinian_230.jpg,Abyssinian
Abyssinian_113.jpg,Abyssinian
Abyssinian_5.jpg,Abyssinian
Abyssinian_190.jpg,Abyssinian
Abyssinian_159.jpg,Abyssinian
Abyssinian_154.jpg,Abyssinian
Abyssinian_179.jpg,Abyssinian
Abyssinian_160.jpg,Abyssinian
Abyssinian_232.jpg,Abyssinian
Abyssinian_30.jpg,Abyssinian
Abyssinian_107.jpg,Abyssinian
Abyssinian_115.jpg,Abyssinian
Abyssinian_15.jpg,Abyssinian
Abyssinian_17.jpg,Abyssinian
Abyssinian_51.jpg,Abyssinian
Abyssinian_204.jpg,Abyssinian
Abyssinian_33.jpg,Abyssinian
Abyssinian_36.jpg,Abyssinian
Abyssinian_67.jpg,Abyssinian
Abyssinian_170.jpg,Abyssinian
Abyssinian_174.jpg,Abyssinian
Abyssinian_97.jpg,Abyssinian
Abyssinian_133.jpg,Abyssinian
Abyssinian_120.jpg,Abyssinian
Abyssinian_226.jpg,Abyssinian
Abyssinian_95.jpg,Abyssinian
Abyssinian_125.jpg,Abyssinian
Abyssinian_116.jpg,Abyssinian
Abyssinian_45.jpg,Abyssinian
Abyssinian_180.jpg,Abyssinian
Abyssinian_217.jpg,Abyssinian
Abyssinian_75.jpg,Abyssinian
Abyssinian_103.jpg,Abyssinian
Abyssinian_24.jpg,Abyssinian
Abyssinian_220.jpg,Abyssinian
Abyssinian_168.jpg,Abyssinian
Abyssinian_40.jpg,Abyssinian
Abyssinian_196.jpg,Abyssinian
Abyssinian_74.jpg,Abyssinian
Abyssinian_193.jpg,Abyssinian
Bengal_186.jpg,Bengal
Bengal_112.jpg,Bengal
Bengal_126.jpg,Bengal
Bengal_61.jpg,Bengal
Bengal_34.jpg,Bengal
Bengal_22.jpg,Bengal
Bengal_161.jpg,Bengal
Bengal_72.jpg,Bengal
Bengal_76.jpg,Bengal
Bengal_14.jpg,Bengal
Bengal_159.jpg,Bengal
Bengal_83.jpg,Bengal
Bengal_68.jpg,Bengal
Bengal_17.jpg,Bengal
Bengal_87.jpg,Bengal
Bengal_79.jpg,Bengal
Bengal_15.jpg,Bengal
Bengal_56.jpg,Bengal
Bengal_173.jpg,Bengal
Bengal_160.jpg,Bengal
Bengal_30.jpg,Bengal
Bengal_113.jpg,Bengal
Bengal_52.jpg,Bengal
Bengal_184.jpg,Bengal
Bengal_158.jpg,Bengal
Bengal_153.jpg,Bengal
Bengal_175.jpg,Bengal
Bengal_16.jpg,Bengal
Bengal_31.jpg,Bengal
Bengal_38.jpg,Bengal
Bengal_107.jpg,Bengal
Bengal_115.jpg,Bengal
Bengal_149.jpg,Bengal
Bengal_167.jpg,Bengal
Bengal_54.jpg,Bengal
Bengal_194.jpg,Bengal
Bengal_40.jpg,Bengal
Bengal_42.jpg,Bengal
Bengal_67.jpg,Bengal
Bengal_168.jpg,Bengal
Bengal_170.jpg,Bengal
Bengal_97.jpg,Bengal
Bengal_133.jpg,Bengal
Bengal_120.jpg,Bengal
Bengal_29.jpg,Bengal
Bengal_95.jpg,Bengal
Bengal_125.jpg,Bengal
Bengal_116.jpg,Bengal
Bengal_48.jpg,Bengal
Bengal_177.jpg,Bengal
Bengal_21.jpg,Bengal
Bengal_75.jpg,Bengal
Bengal_103.jpg,Bengal
Bengal_32.jpg,Bengal
Bengal_24.jpg,Bengal
Bengal_165.jpg,Bengal
Bengal_45.jpg,Bengal
Bengal_189.jpg,Bengal
Bengal_74.jpg,Bengal
Bengal_187.jpg,Bengal
Birman_185.jpg,Birman
Birman_112.jpg,Birman
Birman_126.jpg,Birman
Birman_61.jpg,Birman
Birman_34.jpg,Birman
Birman_22.jpg,Birman
Birman_161.jpg,Birman
Birman_72.jpg,Birman
Birman_76.jpg,Birman
Birman_14.jpg,Birman
Birman_159.jpg,Birman
Birman_83.jpg,Birman
Birman_68.jpg,Birman
Birman_17.jpg,Birman
Birman_87.jpg,Birman
Birman_79.jpg,Birman
Birman_15.jpg,Birman
Birman_56.jpg,Birman
Birman_173.jpg,Birman
Birman_160.jpg,Birman
Birman_30.jpg,Birman
Birman_113.jpg,Birman
Birman_52.jpg,Birman
Birman_183.jpg,Birman
Birman_158.jpg,Birman
Birman_153.jpg,Birman
Birman_175.jpg,Birman
Birman_16.jpg,Birman
Birman_31.jpg,Birman
Birman_38.jpg,Birman
Birman_107.jpg,Birman
Birman_115.jpg,Birman
Birman_149.jpg,Birman
Birman_167.jpg,Birman
Birman_54.jpg,Birman
Birman_193.jpg,Birman
Birman_40.jpg,Birman
Birman_42.jpg,Birman
Birman_67.jpg,Birman
Birman_168.jpg,Birman
Birman_170.jpg,Birman
Birman_97.jpg,Birman
Birman_133.jpg,Birman
Birman_120.jpg,Birman
Birman_29.jpg,Birman
Birman_95.jpg,Birman
Birman_125.jpg,Birman
Birman_116.jpg,Birman
Birman_48.jpg,Birman
Birman_177.jpg,Birman
Birman_21.jpg,Birman
Birman_75.jpg,Birman
Birman_103.jpg,Birman
Birman_32.jpg,Birman
Birman_24.jpg,Birman
Birman_165.jpg,Birman
Birman_45.jpg,Birman
Birman_188.jpg,Birman
Birman_74.jpg,Birman
Birman_186.jpg,Birman
Bombay_191.jpg,Bombay
Bombay_112.jpg,Bombay
Bombay_127.jpg,Bombay
Bombay_61.jpg,Bombay
Bombay_31.jpg,Bombay
Bombay_215.jpg,Bombay
Bombay_166.jpg,Bombay
Bombay_72.jpg,Bombay
Bombay_76.jpg,Bombay
Bombay_140.jpg,Bombay
Bombay_162.jpg,Bombay
Bombay_83.jpg,Bombay
Bombay_68.jpg,Bombay
Bombay_175.jpg,Bombay
Bombay_87.jpg,Bombay
Bombay_79.jpg,Bombay
Bombay_153.jpg,Bombay
Bombay_56.jpg,Bombay
Bombay_179.jpg,Bombay
Bombay_164.jpg,Bombay
Bombay_27.jpg,Bombay
Bombay_113.jpg,Bombay
Bombay_52.jpg,Bombay
Bombay_19.jpg,Bombay
Bombay_161.jpg,Bombay
Bombay_157.jpg,Bombay
Bombay_180.jpg,Bombay
Bombay_163.jpg,Bombay
Bombay_29.jpg,Bombay
Bombay_36.jpg,Bombay
Bombay_107.jpg,Bombay
Bombay_115.jpg,Bombay
Bombay_152.jpg,Bombay
Bombay_172.jpg,Bombay
Bombay_54.jpg,Bombay
Bombay_202.jpg,Bombay
Bombay_39.jpg,Bombay
Bombay_40.jpg,Bombay
Bombay_67.jpg,Bombay
Bombay_173.jpg,Bombay
Bombay_176.jpg,Bombay
Bombay_97.jpg,Bombay
Bombay_134.jpg,Bombay
Bombay_120.jpg,Bombay
Bombay_25.jpg,Bombay
Bombay_95.jpg,Bombay
Bombay_126.jpg,Bombay
Bombay_116.jpg,Bombay
Bombay_47.jpg,Bombay
Bombay_182.jpg,Bombay
Bombay_214.jpg,Bombay
Bombay_75.jpg,Bombay
Bombay_103.jpg,Bombay
Bombay_3.jpg,Bombay
Bombay_22.jpg,Bombay
Bombay_170.jpg,Bombay
Bombay_43.jpg,Bombay
Bombay_194.jpg,Bombay
Bombay_74.jpg,Bombay
Bombay_192.jpg,Bombay
British_Shorthair_203.jpg,British_Shorthair
British_Shorthair_114.jpg,British_Shorthair
British_Shorthair_129.jpg,British_Shorthair
British_Shorthair_56.jpg,British_Shorthair
British_Shorthair_277.jpg,British_Shorthair
British_Shorthair_265.jpg,British_Shorthair
British_Shorthair_175.jpg,British_Shorthair
British_Shorthair_67.jpg,British_Shorthair
British_Shorthair_72.jpg,British_Shorthair
British_Shorthair_151.jpg,British_Shorthair
British_Shorthair_172.jpg,British_Shorthair
British_Shorthair_83.jpg,British_Shorthair
British_Shorthair_62.jpg,British_Shorthair
British_Shorthair_183.jpg,British_Shorthair
British_Shorthair_87.jpg,British_Shorthair
British_Shorthair_77.jpg,British_Shorthair
British_Shorthair_162.jpg,British_Shorthair
British_Shorthair_50.jpg,British_Shorthair
British_Shorthair_187.jpg,British_Shorthair
British_Shorthair_174.jpg,British_Shorthair
British_Shorthair_273.jpg,British_Shorthair
British_Shorthair_115.jpg,British_Shorthair
British_Shorthair_46.jpg,British_Shorthair
British_Shorthair_200.jpg,British_Shorthair
British_Shorthair_170.jpg,British_Shorthair
British_Shorthair_166.jpg,British_Shorthair
British_Shorthair_189.jpg,British_Shorthair
British_Shorthair_173.jpg,British_Shorthair
British_Shorthair_274.jpg,British_Shorthair
British_Shorthair_3.jpg,British_Shorthair
British_Shorthair_108.jpg,British_Shorthair
British_Shorthair_117.jpg,British_Shorthair
British_Shorthair_161.jpg,British_Shorthair
British_Shorthair_180.jpg,British_Shorthair
British_Shorthair_48.jpg,British_Shorthair
British_Shorthair_218.jpg,British_Shorthair
British_Shorthair_32.jpg,British_Shorthair
British_Shorthair_34.jpg,British_Shorthair
British_Shorthair_61.jpg,British_Shorthair
British_Shorthair_181.jpg,British_Shorthair
British_Shorthair_184.jpg,British_Shorthair
British_Shorthair_97.jpg,British_Shorthair
British_Shorthair_140.jpg,British_Shorthair
British_Shorthair_123.jpg,British_Shorthair
British_Shorthair_271.jpg,British_Shorthair
British_Shorthair_95.jpg,British_Shorthair
British_Shorthair_128.jpg,British_Shorthair
British_Shorthair_118.jpg,British_Shorthair
British_Shorthair_41.jpg,British_Shorthair
British_Shorthair_193.jpg,British_Shorthair
British_Shorthair_263.jpg,British_Shorthair
British_Shorthair_71.jpg,British_Shorthair
British_Shorthair_104.jpg,British_Shorthair
British_Shorthair_275.jpg,British_Shorthair
British_Shorthair_267.jpg,British_Shorthair
British_Shorthair_179.jpg,British_Shorthair
British_Shorthair_38.jpg,British_Shorthair
British_Shorthair_207.jpg,British_Shorthair
British_Shorthair_70.jpg,British_Shorthair
British_Shorthair_204.jpg,British_Shorthair
Egyptian_Mau_191.jpg,Egyptian_Mau
Egyptian_Mau_112.jpg,Egyptian_Mau
Egyptian_Mau_126.jpg,Egyptian_Mau
Egyptian_Mau_58.jpg,Egyptian_Mau
Egyptian_Mau_27.jpg,Egyptian_Mau
Egyptian_Mau_214.jpg,Egyptian_Mau
Egyptian_Mau_165.jpg,Egyptian_Mau
Egyptian_Mau_71.jpg,Egyptian_Mau
Egyptian_Mau_76.jpg,Egyptian_Mau
Egyptian_Mau_141.jpg,Egyptian_Mau
Egyptian_Mau_162.jpg,Egyptian_Mau
Egyptian_Mau_83.jpg,Egyptian_Mau
Egyptian_Mau_67.jpg,Egyptian_Mau
Egyptian_Mau_176.jpg,Egyptian_Mau
Egyptian_Mau_87.jpg,Egyptian_Mau
Egyptian_Mau_79.jpg,Egyptian_Mau
Egyptian_Mau_151.jpg,Egyptian_Mau
Egyptian_Mau_51.jpg,Egyptian_Mau
Egyptian_Mau_18.jpg,Egyptian_Mau
Egyptian_Mau_164.jpg,Egyptian_Mau
Egyptian_Mau_224.jpg,Egyptian_Mau
Egyptian_Mau_113.jpg,Egyptian_Mau
Egyptian_Mau_48.jpg,Egyptian_Mau
Egyptian_Mau_19.jpg,Egyptian_Mau
Egyptian_Mau_161.jpg,Egyptian_Mau
Egyptian_Mau_155.jpg,Egyptian_Mau
Egyptian_Mau_181.jpg,Egyptian_Mau
Egyptian_Mau_163.jpg,Egyptian_Mau
Egyptian_Mau_23.jpg,Egyptian_Mau
Egyptian_Mau_30.jpg,Egyptian_Mau
Egyptian_Mau_107.jpg,Egyptian_Mau
Egyptian_Mau_115.jpg,Egyptian_Mau
Egyptian_Mau_150.jpg,Egyptian_Mau
Egyptian_Mau_173.jpg,Egyptian_Mau
Egyptian_Mau_5.jpg,Egyptian_Mau
Egyptian_Mau_2.jpg,Egyptian_Mau
Egyptian_Mau_34.jpg,Egyptian_Mau
Egyptian_Mau_36.jpg,Egyptian_Mau
Egyptian_Mau_63.jpg,Egyptian_Mau
Egyptian_Mau_174.jpg,Egyptian_Mau
Egyptian_Mau_177.jpg,Egyptian_Mau
Egyptian_Mau_97.jpg,Egyptian_Mau
Egyptian_Mau_133.jpg,Egyptian_Mau
Egyptian_Mau_120.jpg,Egyptian_Mau
Egyptian_Mau_222.jpg,Egyptian_Mau
Egyptian_Mau_95.jpg,Egyptian_Mau
Egyptian_Mau_125.jpg,Egyptian_Mau
Egyptian_Mau_116.jpg,Egyptian_Mau
Egyptian_Mau_43.jpg,Egyptian_Mau
Egyptian_Mau_183.jpg,Egyptian_Mau
Egyptian_Mau_213.jpg,Egyptian_Mau
Egyptian_Mau_75.jpg,Egyptian_Mau
Egyptian_Mau_103.jpg,Egyptian_Mau
Egyptian_Mau_25.jpg,Egyptian_Mau
Egyptian_Mau_218.jpg,Egyptian_Mau
Egyptian_Mau_171.jpg,Egyptian_Mau
Egyptian_Mau_40.jpg,Egyptian_Mau
Egyptian_Mau_194.jpg,Egyptian_Mau
Egyptian_Mau_74.jpg,Egyptian_Mau
Egyptian_Mau_192.jpg,Egyptian_Mau
Maine_Coon_21.jpg,Maine_Coon
Maine_Coon_115.jpg,Maine_Coon
Maine_Coon_134.jpg,Maine_Coon
Maine_Coon_54.jpg,Maine_Coon
Maine_Coon_27.jpg,Maine_Coon
Maine_Coon_249.jpg,Maine_Coon
Maine_Coon_174.jpg,Maine_Coon
Maine_Coon_68.jpg,Maine_Coon
Maine_Coon_71.jpg,Maine_Coon
Maine_Coon_148.jpg,Maine_Coon
Maine_Coon_170.jpg,Maine_Coon
Maine_Coon_80.jpg,Maine_Coon
Maine_Coon_61.jpg,Maine_Coon
Maine_Coon_189.jpg,Maine_Coon
Maine_Coon_84.jpg,Maine_Coon
Maine_Coon_76.jpg,Maine_Coon
Maine_Coon_16.jpg,Maine_Coon
Maine_Coon_49.jpg,Maine_Coon
Maine_Coon_193.jpg,Maine_Coon
Maine_Coon_173.jpg,Maine_Coon
Maine_Coon_266.jpg,Maine_Coon
Maine_Coon_116.jpg,Maine_Coon
Maine_Coon_44.jpg,Maine_Coon
Maine_Coon_207.jpg,Maine_Coon
Maine_Coon_17.jpg,Maine_Coon
Maine_Coon_163.jpg,Maine_Coon
Maine_Coon_195.jpg,Maine_Coon
Maine_Coon_171.jpg,Maine_Coon
Maine_Coon_267.jpg,Maine_Coon
Maine_Coon_28.jpg,Maine_Coon
Maine_Coon_107.jpg,Maine_Coon
Maine_Coon_119.jpg,Maine_Coon
Maine_Coon_159.jpg,Maine_Coon
Maine_Coon_184.jpg,Maine_Coon
Maine_Coon_47.jpg,Maine_Coon
Maine_Coon_23.jpg,Maine_Coon
Maine_Coon_30.jpg,Maine_Coon
Maine_Coon_32.jpg,Maine_Coon
Maine_Coon_60.jpg,Maine_Coon
Maine_Coon_186.jpg,Maine_Coon
Maine_Coon_19.jpg,Maine_Coon
Maine_Coon_97.jpg,Maine_Coon
Maine_Coon_141.jpg,Maine_Coon
Maine_Coon_128.jpg,Maine_Coon
Maine_Coon_264.jpg,Maine_Coon
Maine_Coon_95.jpg,Maine_Coon
Maine_Coon_133.jpg,Maine_Coon
Maine_Coon_121.jpg,Maine_Coon
Maine_Coon_38.jpg,Maine_Coon
Maine_Coon_197.jpg,Maine_Coon
Maine_Coon_247.jpg,Maine_Coon
Maine_Coon_70.jpg,Maine_Coon
Maine_Coon_103.jpg,Maine_Coon
Maine_Coon_268.jpg,Maine_Coon
Maine_Coon_253.jpg,Maine_Coon
Maine_Coon_180.jpg,Maine_Coon
Maine_Coon_35.jpg,Maine_Coon
Maine_Coon_213.jpg,Maine_Coon
Maine_Coon_7.jpg,Maine_Coon
Maine_Coon_210.jpg,Maine_Coon
Persian_200.jpg,Persian
Persian_115.jpg,Persian
Persian_132.jpg,Persian
Persian_58.jpg,Persian
Persian_272.jpg,Persian
Persian_260.jpg,Persian
Persian_174.jpg,Persian
Persian_69.jpg,Persian
Persian_72.jpg,Persian
Persian_149.jpg,Persian
Persian_171.jpg,Persian
Persian_80.jpg,Persian
Persian_64.jpg,Persian
Persian_184.jpg,Persian
Persian_84.jpg,Persian
Persian_76.jpg,Persian
Persian_161.jpg,Persian
Persian_51.jpg,Persian
Persian_188.jpg,Persian
Persian_173.jpg,Persian
Persian_269.jpg,Persian
Persian_116.jpg,Persian
Persian_46.jpg,Persian
Persian_2.jpg,Persian
Persian_170.jpg,Persian
Persian_165.jpg,Persian
Persian_19.jpg,Persian
Persian_172.jpg,Persian
Persian_27.jpg,Persian
Persian_3.jpg,Persian
Persian_107.jpg,Persian
Persian_118.jpg,Persian
Persian_160.jpg,Persian
Persian_181.jpg,Persian
Persian_49.jpg,Persian
Persian_224.jpg,Persian
Persian_32.jpg,Persian
Persian_36.jpg,Persian
Persian_63.jpg,Persian
Persian_182.jpg,Persian
Persian_185.jpg,Persian
Persian_97.jpg,Persian
Persian_14.jpg,Persian
Persian_125.jpg,Persian
Persian_267.jpg,Persian
Persian_94.jpg,Persian
Persian_131.jpg,Persian
Persian_12.jpg,Persian
Persian_41.jpg,Persian
Persian_191.jpg,Persian
Persian_26.jpg,Persian
Persian_71.jpg,Persian
Persian_103.jpg,Persian
Persian_270.jpg,Persian
Persian_262.jpg,Persian
Persian_18.jpg,Persian
Persian_39.jpg,Persian
Persian_206.jpg,Persian
Persian_70.jpg,Persian
Persian_201.jpg,Persian
Ragdoll_197.jpg,Ragdoll
Ragdoll_116.jpg,Ragdoll
Ragdoll_131.jpg,Ragdoll
Ragdoll_58.jpg,Ragdoll
Ragdoll_264.jpg,Ragdoll
Ragdoll_25.jpg,Ragdoll
Ragdoll_172.jpg,Ragdoll
Ragdoll_72.jpg,Ragdoll
Ragdoll_76.jpg,Ragdoll
Ragdoll_147.jpg,Ragdoll
Ragdoll_169.jpg,Ragdoll
Ragdoll_83.jpg,Ragdoll
Ragdoll_67.jpg,Ragdoll
Ragdoll_180.jpg,Ragdoll
Ragdoll_87.jpg,Ragdoll
Ragdoll_79.jpg,Ragdoll
Ragdoll_159.jpg,Ragdoll
Ragdoll_51.jpg,Ragdoll
Ragdoll_184.jpg,Ragdoll
Ragdoll_171.jpg,Ragdoll
Ragdoll_260.jpg,Ragdoll
Ragdoll_117.jpg,Ragdoll
Ragdoll_47.jpg,Ragdoll
Ragdoll_195.jpg,Ragdoll
Ragdoll_168.jpg,Ragdoll
Ragdoll_162.jpg,Ragdoll
Ragdoll_186.jpg,Ragdoll
Ragdoll_170.jpg,Ragdoll
Ragdoll_261.jpg,Ragdoll
Ragdoll_3.jpg,Ragdoll
Ragdoll_110.jpg,Ragdoll
Ragdoll_119.jpg,Ragdoll
Ragdoll_158.jpg,Ragdoll
Ragdoll_178.jpg,Ragdoll
Ragdoll_49.jpg,Ragdoll
Ragdoll_205.jpg,Ragdoll
Ragdoll_32.jpg,Ragdoll
Ragdoll_34.jpg,Ragdoll
Ragdoll_64.jpg,Ragdoll
Ragdoll_179.jpg,Ragdoll
Ragdoll_181.jpg,Ragdoll
Ragdoll_97.jpg,Ragdoll
Ragdoll_139.jpg,Ragdoll
Ragdoll_126.jpg,Ragdoll
Ragdoll_259.jpg,Ragdoll
Ragdoll_95.jpg,Ragdoll
Ragdoll_130.jpg,Ragdoll
Ragdoll_12.jpg,Ragdoll
Ragdoll_41.jpg,Ragdoll
Ragdoll_188.jpg,Ragdoll
Ragdoll_245.jpg,Ragdoll
Ragdoll_75.jpg,Ragdoll
Ragdoll_104.jpg,Ragdoll
Ragdoll_262.jpg,Ragdoll
Ragdoll_252.jpg,Ragdoll
Ragdoll_176.jpg,Ragdoll
Ragdoll_37.jpg,Ragdoll
Ragdoll_2.jpg,Ragdoll
Ragdoll_74.jpg,Ragdoll
Ragdoll_198.jpg,Ragdoll
Russian_Blue_196.jpg,Russian_Blue
Russian_Blue_114.jpg,Russian_Blue
Russian_Blue_13.jpg,Russian_Blue
Russian_Blue_59.jpg,Russian_Blue
Russian_Blue_253.jpg,Russian_Blue
Russian_Blue_220.jpg,Russian_Blue
Russian_Blue_170.jpg,Russian_Blue
Russian_Blue_72.jpg,Russian_Blue
Russian_Blue_76.jpg,Russian_Blue
Russian_Blue_146.jpg,Russian_Blue
Russian_Blue_168.jpg,Russian_Blue
Russian_Blue_83.jpg,Russian_Blue
Russian_Blue_67.jpg,Russian_Blue
Russian_Blue_179.jpg,Russian_Blue
Russian_Blue_87.jpg,Russian_Blue
Russian_Blue_79.jpg,Russian_Blue
Russian_Blue_157.jpg,Russian_Blue
Russian_Blue_50.jpg,Russian_Blue
Russian_Blue_182.jpg,Russian_Blue
Russian_Blue_17.jpg,Russian_Blue
Russian_Blue_24.jpg,Russian_Blue
Russian_Blue_115.jpg,Russian_Blue
Russian_Blue_45.jpg,Russian_Blue
Russian_Blue_194.jpg,Russian_Blue
Russian_Blue_166.jpg,Russian_Blue
Russian_Blue_160.jpg,Russian_Blue
Russian_Blue_184.jpg,Russian_Blue
Russian_Blue_169.jpg,Russian_Blue
Russian_Blue_240.jpg,Russian_Blue
Russian_Blue_264.jpg,Russian_Blue
Russian_Blue_108.jpg,Russian_Blue
Russian_Blue_117.jpg,Russian_Blue
Russian_Blue_156.jpg,Russian_Blue
Russian_Blue_176.jpg,Russian_Blue
Russian_Blue_48.jpg,Russian_Blue
Russian_Blue_204.jpg,Russian_Blue
Russian_Blue_29.jpg,Russian_Blue
Russian_Blue_31.jpg,Russian_Blue
Russian_Blue_66.jpg,Russian_Blue
Russian_Blue_177.jpg,Russian_Blue
Russian_Blue_18.jpg,Russian_Blue
Russian_Blue_97.jpg,Russian_Blue
Russian_Blue_139.jpg,Russian_Blue
Russian_Blue_123.jpg,Russian_Blue
Russian_Blue_237.jpg,Russian_Blue
Russian_Blue_95.jpg,Russian_Blue
Russian_Blue_129.jpg,Russian_Blue
Russian_Blue_118.jpg,Russian_Blue
Russian_Blue_38.jpg,Russian_Blue
Russian_Blue_186.jpg,Russian_Blue
Russian_Blue_216.jpg,Russian_Blue
Russian_Blue_75.jpg,Russian_Blue
Russian_Blue_103.jpg,Russian_Blue
Russian_Blue_242.jpg,Russian_Blue
Russian_Blue_222.jpg,Russian_Blue
Russian_Blue_174.jpg,Russian_Blue
Russian_Blue_34.jpg,Russian_Blue
Russian_Blue_199.jpg,Russian_Blue
Russian_Blue_74.jpg,Russian_Blue
Russian_Blue_197.jpg,Russian_Blue
Siamese_203.jpg,Siamese
Siamese_117.jpg,Siamese
Siamese_138.jpg,Siamese
Siamese_58.jpg,Siamese
Siamese_27.jpg,Siamese
Siamese_233.jpg,Siamese
Siamese_176.jpg,Siamese
Siamese_71.jpg,Siamese
Siamese_75.jpg,Siamese
Siamese_152.jpg,Siamese
Siamese_173.jpg,Siamese
Siamese_83.jpg,Siamese
Siamese_65.jpg,Siamese
Siamese_185.jpg,Siamese
Siamese_87.jpg,Siamese
Siamese_78.jpg,Siamese
Siamese_163.jpg,Siamese
Siamese_52.jpg,Siamese
Siamese_189.jpg,Siamese
Siamese_175.jpg,Siamese
Siamese_250.jpg,Siamese
Siamese_119.jpg,Siamese
Siamese_49.jpg,Siamese
Siamese_201.jpg,Siamese
Siamese_172.jpg,Siamese
Siamese_168.jpg,Siamese
Siamese_191.jpg,Siamese
Siamese_174.jpg,Siamese
Siamese_254.jpg,Siamese
Siamese_31.jpg,Siamese
Siamese_111.jpg,Siamese
Siamese_122.jpg,Siamese
Siamese_162.jpg,Siamese
Siamese_182.jpg,Siamese
Siamese_50.jpg,Siamese
Siamese_216.jpg,Siamese
Siamese_34.jpg,Siamese
Siamese_36.jpg,Siamese
Siamese_64.jpg,Siamese
Siamese_183.jpg,Siamese
Siamese_186.jpg,Siamese
Siamese_97.jpg,Siamese
Siamese_145.jpg,Siamese
Siamese_130.jpg,Siamese
Siamese_249.jpg,Siamese
Siamese_95.jpg,Siamese
Siamese_137.jpg,Siamese
Siamese_125.jpg,Siamese
Siamese_43.jpg,Siamese
Siamese_194.jpg,Siamese
Siamese_232.jpg,Siamese
Siamese_74.jpg,Siamese
Siamese_106.jpg,Siamese
Siamese_257.jpg,Siamese
Siamese_237.jpg,Siamese
Siamese_180.jpg,Siamese
Siamese_40.jpg,Siamese
Siamese_206.jpg,Siamese
Siamese_73.jpg,Siamese
Siamese_204.jpg,Siamese
Sphynx_200.jpg,Sphynx
Sphynx_119.jpg,Sphynx
Sphynx_136.jpg,Sphynx
Sphynx_49.jpg,Sphynx
Sphynx_246.jpg,Sphynx
Sphynx_234.jpg,Sphynx
Sphynx_178.jpg,Sphynx
Sphynx_66.jpg,Sphynx
Sphynx_72.jpg,Sphynx
Sphynx_152.jpg,Sphynx
Sphynx_175.jpg,Sphynx
Sphynx_80.jpg,Sphynx
Sphynx_57.jpg,Sphynx
Sphynx_186.jpg,Sphynx
Sphynx_85.jpg,Sphynx
Sphynx_75.jpg,Sphynx
Sphynx_166.jpg,Sphynx
Sphynx_43.jpg,Sphynx
Sphynx_19.jpg,Sphynx
Sphynx_177.jpg,Sphynx
Sphynx_242.jpg,Sphynx
Sphynx_12.jpg,Sphynx
Sphynx_4.jpg,Sphynx
Sphynx_2.jpg,Sphynx
Sphynx_174.jpg,Sphynx
Sphynx_17.jpg,Sphynx
Sphynx_191.jpg,Sphynx
Sphynx_176.jpg,Sphynx
Sphynx_243.jpg,Sphynx
Sphynx_25.jpg,Sphynx
Sphynx_111.jpg,Sphynx
Sphynx_122.jpg,Sphynx
Sphynx_165.jpg,Sphynx
Sphynx_183.jpg,Sphynx
Sphynx_41.jpg,Sphynx
Sphynx_212.jpg,Sphynx
Sphynx_252.jpg,Sphynx
Sphynx_28.jpg,Sphynx
Sphynx_56.jpg,Sphynx
Sphynx_184.jpg,Sphynx
Sphynx_187.jpg,Sphynx
Sphynx_96.jpg,Sphynx
Sphynx_144.jpg,Sphynx
Sphynx_129.jpg,Sphynx
Sphynx_240.jpg,Sphynx
Sphynx_94.jpg,Sphynx
Sphynx_134.jpg,Sphynx
Sphynx_124.jpg,Sphynx
Sphynx_34.jpg,Sphynx
Sphynx_193.jpg,Sphynx
Sphynx_233.jpg,Sphynx
Sphynx_71.jpg,Sphynx
Sphynx_107.jpg,Sphynx
Sphynx_244.jpg,Sphynx
Sphynx_236.jpg,Sphynx
Sphynx_181.jpg,Sphynx
Sphynx_30.jpg,Sphynx
Sphynx_203.jpg,Sphynx
Sphynx_70.jpg,Sphynx
Sphynx_201.jpg,Sphynx
american_bulldog_198.jpg,american_bulldog
american_bulldog_113.jpg,american_bulldog
american_bulldog_127.jpg,american_bulldog
american_bulldog_60.jpg,american_bulldog
american_bulldog_32.jpg,american_bulldog
american_bulldog_220.jpg,american_bulldog
american_bulldog_173.jpg,american_bulldog
american_bulldog_71.jpg,american_bulldog
american_bulldog_75.jpg,american_bulldog
american_bulldog_140.jpg,american_bulldog
american_bulldog_169.jpg,american_bulldog
american_bulldog_82.jpg,american_bulldog
american_bulldog_67.jpg,american_bulldog
american_bulldog_181.jpg,american_bulldog
american_bulldog_86.jpg,american_bulldog
american_bulldog_78.jpg,american_bulldog
american_bulldog_151.jpg,american_bulldog
american_bulldog_55.jpg,american_bulldog
american_bulldog_185.jpg,american_bulldog
american_bulldog_172.jpg,american_bulldog
american_bulldog_29.jpg,american_bulldog
american_bulldog_114.jpg,american_bulldog
american_bulldog_51.jpg,american_bulldog
american_bulldog_196.jpg,american_bulldog
american_bulldog_168.jpg,american_bulldog
american_bulldog_16.jpg,american_bulldog
american_bulldog_187.jpg,american_bulldog
american_bulldog_171.jpg,american_bulldog
american_bulldog_3.jpg,american_bulldog
american_bulldog_36.jpg,american_bulldog
american_bulldog_108.jpg,american_bulldog
american_bulldog_116.jpg,american_bulldog
american_bulldog_150.jpg,american_bulldog
american_bulldog_179.jpg,american_bulldog
american_bulldog_53.jpg,american_bulldog
american_bulldog_207.jpg,american_bulldog
american_bulldog_39.jpg,american_bulldog
american_bulldog_41.jpg,american_bulldog
american_bulldog_66.jpg,american_bulldog
american_bulldog_18.jpg,american_bulldog
american_bulldog_182.jpg,american_bulldog
american_bulldog_97.jpg,american_bulldog
american_bulldog_134.jpg,american_bulldog
american_bulldog_121.jpg,american_bulldog
american_bulldog_27.jpg,american_bulldog
american_bulldog_95.jpg,american_bulldog
american_bulldog_126.jpg,american_bulldog
american_bulldog_117.jpg,american_bulldog
american_bulldog_47.jpg,american_bulldog
american_bulldog_189.jpg,american_bulldog
american_bulldog_22.jpg,american_bulldog
american_bulldog_74.jpg,american_bulldog
american_bulldog_104.jpg,american_bulldog
american_bulldog_30.jpg,american_bulldog
american_bulldog_224.jpg,american_bulldog
american_bulldog_177.jpg,american_bulldog
american_bulldog_44.jpg,american_bulldog
american_bulldog_20.jpg,american_bulldog
american_bulldog_73.jpg,american_bulldog
american_bulldog_199.jpg,american_bulldog
american_pit_bull_terrier_185.jpg,american_pit_bull_terrier
american_pit_bull_terrier_112.jpg,american_pit_bull_terrier
american_pit_bull_terrier_126.jpg,american_pit_bull_terrier
american_pit_bull_terrier_6.jpg,american_pit_bull_terrier
american_pit_bull_terrier_31.jpg,american_pit_bull_terrier
american_pit_bull_terrier_202.jpg,american_pit_bull_terrier
american_pit_bull_terrier_161.jpg,american_pit_bull_terrier
american_pit_bull_terrier_70.jpg,american_pit_bull_terrier
american_pit_bull_terrier_74.jpg,american_pit_bull_terrier
american_pit_bull_terrier_14.jpg,american_pit_bull_terrier
american_pit_bull_terrier_159.jpg,american_pit_bull_terrier
american_pit_bull_terrier_81.jpg,american_pit_bull_terrier
american_pit_bull_terrier_66.jpg,american_pit_bull_terrier
american_pit_bull_terrier_17.jpg,american_pit_bull_terrier
american_pit_bull_terrier_87.jpg,american_pit_bull_terrier
american_pit_bull_terrier_77.jpg,american_pit_bull_terrier
american_pit_bull_terrier_15.jpg,american_pit_bull_terrier
american_pit_bull_terrier_54.jpg,american_pit_bull_terrier
american_pit_bull_terrier_173.jpg,american_pit_bull_terrier
american_pit_bull_terrier_160.jpg,american_pit_bull_terrier
american_pit_bull_terrier_27.jpg,american_pit_bull_terrier
american_pit_bull_terrier_113.jpg,american_pit_bull_terrier
american_pit_bull_terrier_50.jpg,american_pit_bull_terrier
american_pit_bull_terrier_183.jpg,american_pit_bull_terrier
american_pit_bull_terrier_158.jpg,american_pit_bull_terrier
american_pit_bull_terrier_153.jpg,american_pit_bull_terrier
american_pit_bull_terrier_175.jpg,american_pit_bull_terrier
american_pit_bull_terrier_16.jpg,american_pit_bull_terrier
american_pit_bull_terrier_28.jpg,american_pit_bull_terrier
american_pit_bull_terrier_36.jpg,american_pit_bull_terrier
american_pit_bull_terrier_107.jpg,american_pit_bull_terrier
american_pit_bull_terrier_115.jpg,american_pit_bull_terrier
american_pit_bull_terrier_149.jpg,american_pit_bull_terrier
american_pit_bull_terrier_167.jpg,american_pit_bull_terrier
american_pit_bull_terrier_52.jpg,american_pit_bull_terrier
american_pit_bull_terrier_193.jpg,american_pit_bull_terrier
american_pit_bull_terrier_39.jpg,american_pit_bull_terrier
american_pit_bull_terrier_40.jpg,american_pit_bull_terrier
american_pit_bull_terrier_65.jpg,american_pit_bull_terrier
american_pit_bull_terrier_168.jpg,american_pit_bull_terrier
american_pit_bull_terrier_170.jpg,american_pit_bull_terrier
american_pit_bull_terrier_97.jpg,american_pit_bull_terrier
american_pit_bull_terrier_133.jpg,american_pit_bull_terrier
american_pit_bull_terrier_120.jpg,american_pit_bull_terrier
american_pit_bull_terrier_25.jpg,american_pit_bull_terrier
american_pit_bull_terrier_95.jpg,american_pit_bull_terrier
american_pit_bull_terrier_125.jpg,american_pit_bull_terrier
american_pit_bull_terrier_116.jpg,american_pit_bull_terrier
american_pit_bull_terrier_46.jpg,american_pit_bull_terrier
american_pit_bull_terrier_177.jpg,american_pit_bull_terrier
american_pit_bull_terrier_201.jpg,american_pit_bull_terrier
american_pit_bull_terrier_73.jpg,american_pit_bull_terrier
american_pit_bull_terrier_103.jpg,american_pit_bull_terrier
american_pit_bull_terrier_29.jpg,american_pit_bull_terrier
american_pit_bull_terrier_204.jpg,american_pit_bull_terrier
american_pit_bull_terrier_165.jpg,american_pit_bull_terrier
american_pit_bull_terrier_43.jpg,american_pit_bull_terrier
american_pit_bull_terrier_188.jpg,american_pit_bull_terrier
american_pit_bull_terrier_72.jpg,american_pit_bull_terrier
american_pit_bull_terrier_186.jpg,american_pit_bull_terrier
basset_hound_185.jpg,basset_hound
basset_hound_112.jpg,basset_hound
basset_hound_126.jpg,basset_hound
basset_hound_61.jpg,basset_hound
basset_hound_34.jpg,basset_hound
basset_hound_22.jpg,basset_hound
basset_hound_161.jpg,basset_hound
basset_hound_72.jpg,basset_hound
basset_hound_76.jpg,basset_hound
basset_hound_14.jpg,basset_hound
basset_hound_159.jpg,basset_hound
basset_hound_83.jpg,basset_hound
basset_hound_68.jpg,basset_hound
basset_hound_17.jpg,basset_hound
basset_hound_87.jpg,basset_hound
basset_hound_79.jpg,basset_hound
basset_hound_15.jpg,basset_hound
basset_hound_56.jpg,basset_hound
basset_hound_173.jpg,basset_hound
basset_hound_160.jpg,basset_hound
basset_hound_30.jpg,basset_hound
basset_hound_113.jpg,basset_hound
basset_hound_52.jpg,basset_hound
basset_hound_183.jpg,basset_hound
basset_hound_158.jpg,basset_hound
basset_hound_153.jpg,basset_hound
basset_hound_175.jpg,basset_hound
basset_hound_16.jpg,basset_hound
basset_hound_31.jpg,basset_hound
basset_hound_38.jpg,basset_hound
basset_hound_107.jpg,basset_hound
basset_hound_115.jpg,basset_hound
basset_hound_149.jpg,basset_hound
basset_hound_167.jpg,basset_hound
basset_hound_54.jpg,basset_hound
basset_hound_193.jpg,basset_hound
basset_hound_40.jpg,basset_hound
basset_hound_42.jpg,basset_hound
basset_hound_67.jpg,basset_hound
basset_hound_168.jpg,basset_hound
basset_hound_170.jpg,basset_hound
basset_hound_97.jpg,basset_hound
basset_hound_133.jpg,basset_hound
basset_hound_120.jpg,basset_hound
basset_hound_29.jpg,basset_hound
basset_hound_95.jpg,basset_hound
basset_hound_125.jpg,basset_hound
basset_hound_116.jpg,basset_hound
basset_hound_48.jpg,basset_hound
basset_hound_177.jpg,basset_hound
basset_hound_21.jpg,basset_hound
basset_hound_75.jpg,basset_hound
basset_hound_103.jpg,basset_hound
basset_hound_32.jpg,basset_hound
basset_hound_24.jpg,basset_hound
basset_hound_165.jpg,basset_hound
basset_hound_45.jpg,basset_hound
basset_hound_188.jpg,basset_hound
basset_hound_74.jpg,basset_hound
basset_hound_186.jpg,basset_hound
beagle_189.jpg,beagle
beagle_114.jpg,beagle
beagle_128.jpg,beagle
beagle_61.jpg,beagle
beagle_34.jpg,beagle
beagle_22.jpg,beagle
beagle_165.jpg,beagle
beagle_72.jpg,beagle
beagle_76.jpg,beagle
beagle_142.jpg,beagle
beagle_162.jpg,beagle
beagle_83.jpg,beagle
beagle_68.jpg,beagle
beagle_173.jpg,beagle
beagle_87.jpg,beagle
beagle_79.jpg,beagle
beagle_152.jpg,beagle
beagle_56.jpg,beagle
beagle_177.jpg,beagle
beagle_164.jpg,beagle
beagle_30.jpg,beagle
beagle_115.jpg,beagle
beagle_52.jpg,beagle
beagle_187.jpg,beagle
beagle_161.jpg,beagle
beagle_156.jpg,beagle
beagle_179.jpg,beagle
beagle_163.jpg,beagle
beagle_31.jpg,beagle
beagle_38.jpg,beagle
beagle_108.jpg,beagle
beagle_117.jpg,beagle
beagle_151.jpg,beagle
beagle_170.jpg,beagle
beagle_54.jpg,beagle
beagle_197.jpg,beagle
beagle_40.jpg,beagle
beagle_42.jpg,beagle
beagle_67.jpg,beagle
beagle_171.jpg,beagle
beagle_174.jpg,beagle
beagle_97.jpg,beagle
beagle_136.jpg,beagle
beagle_122.jpg,beagle
beagle_29.jpg,beagle
beagle_95.jpg,beagle
beagle_127.jpg,beagle
beagle_118.jpg,beagle
beagle_48.jpg,beagle
beagle_180.jpg,beagle
beagle_21.jpg,beagle
beagle_75.jpg,beagle
beagle_103.jpg,beagle
beagle_32.jpg,beagle
beagle_24.jpg,beagle
beagle_169.jpg,beagle
beagle_45.jpg,beagle
beagle_191.jpg,beagle
beagle_74.jpg,beagle
beagle_19.jpg,beagle
boxer_185.jpg,boxer
boxer_112.jpg,boxer
boxer_126.jpg,boxer
boxer_61.jpg,boxer
boxer_34.jpg,boxer
boxer_22.jpg,boxer
boxer_161.jpg,boxer
boxer_72.jpg,boxer
boxer_76.jpg,boxer
boxer_14.jpg,boxer
boxer_159.jpg,boxer
boxer_83.jpg,boxer
boxer_68.jpg,boxer
boxer_17.jpg,boxer
boxer_87.jpg,boxer
boxer_79.jpg,boxer
boxer_15.jpg,boxer
boxer_56.jpg,boxer
boxer_173.jpg,boxer
boxer_160.jpg,boxer
boxer_30.jpg,boxer
boxer_113.jpg,boxer
boxer_52.jpg,boxer
boxer_183.jpg,boxer
boxer_158.jpg,boxer
boxer_153.jpg,boxer
boxer_175.jpg,boxer
boxer_16.jpg,boxer
boxer_31.jpg,boxer
boxer_38.jpg,boxer
boxer_107.jpg,boxer
boxer_115.jpg,boxer
boxer_149.jpg,boxer
boxer_167.jpg,boxer
boxer_54.jpg,boxer
boxer_193.jpg,boxer
boxer_40.jpg,boxer
boxer_42.jpg,boxer
boxer_67.jpg,boxer
boxer_168.jpg,boxer
boxer_170.jpg,boxer
boxer_97.jpg,boxer
boxer_133.jpg,boxer
boxer_120.jpg,boxer
boxer_29.jpg,boxer
boxer_95.jpg,boxer
boxer_125.jpg,boxer
boxer_116.jpg,boxer
boxer_48.jpg,boxer
boxer_177.jpg,boxer
boxer_21.jpg,boxer
boxer_75.jpg,boxer
boxer_103.jpg,boxer
boxer_32.jpg,boxer
boxer_24.jpg,boxer
boxer_165.jpg,boxer
boxer_45.jpg,boxer
boxer_188.jpg,boxer
boxer_74.jpg,boxer
boxer_186.jpg,boxer
chihuahua_185.jpg,chihuahua
chihuahua_112.jpg,chihuahua
chihuahua_126.jpg,chihuahua
chihuahua_61.jpg,chihuahua
chihuahua_34.jpg,chihuahua
chihuahua_22.jpg,chihuahua
chihuahua_161.jpg,chihuahua
chihuahua_72.jpg,chihuahua
chihuahua_76.jpg,chihuahua
chihuahua_14.jpg,chihuahua
chihuahua_159.jpg,chihuahua
chihuahua_83.jpg,chihuahua
chihuahua_68.jpg,chihuahua
chihuahua_17.jpg,chihuahua
chihuahua_87.jpg,chihuahua
chihuahua_79.jpg,chihuahua
chihuahua_15.jpg,chihuahua
chihuahua_56.jpg,chihuahua
chihuahua_173.jpg,chihuahua
chihuahua_160.jpg,chihuahua
chihuahua_30.jpg,chihuahua
chihuahua_113.jpg,chihuahua
chihuahua_52.jpg,chihuahua
chihuahua_183.jpg,chihuahua
chihuahua_158.jpg,chihuahua
chihuahua_153.jpg,chihuahua
chihuahua_175.jpg,chihuahua
chihuahua_16.jpg,chihuahua
chihuahua_31.jpg,chihuahua
chihuahua_38.jpg,chihuahua
chihuahua_107.jpg,chihuahua
chihuahua_115.jpg,chihuahua
chihuahua_149.jpg,chihuahua
chihuahua_167.jpg,chihuahua
chihuahua_54.jpg,chihuahua
chihuahua_193.jpg,chihuahua
chihuahua_40.jpg,chihuahua
chihuahua_42.jpg,chihuahua
chihuahua_67.jpg,chihuahua
chihuahua_168.jpg,chihuahua
chihuahua_170.jpg,chihuahua
chihuahua_97.jpg,chihuahua
chihuahua_133.jpg,chihuahua
chihuahua_120.jpg,chihuahua
chihuahua_29.jpg,chihuahua
chihuahua_95.jpg,chihuahua
chihuahua_125.jpg,chihuahua
chihuahua_116.jpg,chihuahua
chihuahua_48.jpg,chihuahua
chihuahua_177.jpg,chihuahua
chihuahua_21.jpg,chihuahua
chihuahua_75.jpg,chihuahua
chihuahua_103.jpg,chihuahua
chihuahua_32.jpg,chihuahua
chihuahua_24.jpg,chihuahua
chihuahua_165.jpg,chihuahua
chihuahua_45.jpg,chihuahua
chihuahua_188.jpg,chihuahua
chihuahua_74.jpg,chihuahua
chihuahua_186.jpg,chihuahua
english_cocker_spaniel_185.jpg,english_cocker_spaniel
english_cocker_spaniel_112.jpg,english_cocker_spaniel
english_cocker_spaniel_126.jpg,english_cocker_spaniel
english_cocker_spaniel_61.jpg,english_cocker_spaniel
english_cocker_spaniel_34.jpg,english_cocker_spaniel
english_cocker_spaniel_22.jpg,english_cocker_spaniel
english_cocker_spaniel_161.jpg,english_cocker_spaniel
english_cocker_spaniel_72.jpg,english_cocker_spaniel
english_cocker_spaniel_76.jpg,english_cocker_spaniel
english_cocker_spaniel_14.jpg,english_cocker_spaniel
english_cocker_spaniel_159.jpg,english_cocker_spaniel
english_cocker_spaniel_83.jpg,english_cocker_spaniel
english_cocker_spaniel_68.jpg,english_cocker_spaniel
english_cocker_spaniel_17.jpg,english_cocker_spaniel
english_cocker_spaniel_87.jpg,english_cocker_spaniel
english_cocker_spaniel_79.jpg,english_cocker_spaniel
english_cocker_spaniel_15.jpg,english_cocker_spaniel
english_cocker_spaniel_56.jpg,english_cocker_spaniel
english_cocker_spaniel_173.jpg,english_cocker_spaniel
english_cocker_spaniel_160.jpg,english_cocker_spaniel
english_cocker_spaniel_30.jpg,english_cocker_spaniel
english_cocker_spaniel_113.jpg,english_cocker_spaniel
english_cocker_spaniel_52.jpg,english_cocker_spaniel
english_cocker_spaniel_183.jpg,english_cocker_spaniel
english_cocker_spaniel_158.jpg,english_cocker_spaniel
english_cocker_spaniel_153.jpg,english_cocker_spaniel
english_cocker_spaniel_175.jpg,english_cocker_spaniel
english_cocker_spaniel_16.jpg,english_cocker_spaniel
english_cocker_spaniel_31.jpg,english_cocker_spaniel
english_cocker_spaniel_38.jpg,english_cocker_spaniel
english_cocker_spaniel_107.jpg,english_cocker_spaniel
english_cocker_spaniel_115.jpg,english_cocker_spaniel
english_cocker_spaniel_149.jpg,english_cocker_spaniel
english_cocker_spaniel_167.jpg,english_cocker_spaniel
english_cocker_spaniel_54.jpg,english_cocker_spaniel
english_cocker_spaniel_193.jpg,english_cocker_spaniel
english_cocker_spaniel_40.jpg,english_cocker_spaniel
english_cocker_spaniel_42.jpg,english_cocker_spaniel
english_cocker_spaniel_67.jpg,english_cocker_spaniel
english_cocker_spaniel_168.jpg,english_cocker_spaniel
english_cocker_spaniel_170.jpg,english_cocker_spaniel
english_cocker_spaniel_97.jpg,english_cocker_spaniel
english_cocker_spaniel_133.jpg,english_cocker_spaniel
english_cocker_spaniel_120.jpg,english_cocker_spaniel
english_cocker_spaniel_29.jpg,english_cocker_spaniel
english_cocker_spaniel_95.jpg,english_cocker_spaniel
english_cocker_spaniel_125.jpg,english_cocker_spaniel
english_cocker_spaniel_116.jpg,english_cocker_spaniel
english_cocker_spaniel_48.jpg,english_cocker_spaniel
english_cocker_spaniel_177.jpg,english_cocker_spaniel
english_cocker_spaniel_21.jpg,english_cocker_spaniel
english_cocker_spaniel_75.jpg,english_cocker_spaniel
english_cocker_spaniel_103.jpg,english_cocker_spaniel
english_cocker_spaniel_32.jpg,english_cocker_spaniel
english_cocker_spaniel_24.jpg,english_cocker_spaniel
english_cocker_spaniel_165.jpg,english_cocker_spaniel
english_cocker_spaniel_45.jpg,english_cocker_spaniel
english_cocker_spaniel_188.jpg,english_cocker_spaniel
english_cocker_spaniel_74.jpg,english_cocker_spaniel
english_cocker_spaniel_186.jpg,english_cocker_spaniel
english_setter_185.jpg,english_setter
english_setter_112.jpg,english_setter
english_setter_126.jpg,english_setter
english_setter_61.jpg,english_setter
english_setter_34.jpg,english_setter
english_setter_22.jpg,english_setter
english_setter_161.jpg,english_setter
english_setter_72.jpg,english_setter
english_setter_76.jpg,english_setter
english_setter_14.jpg,english_setter
english_setter_159.jpg,english_setter
english_setter_83.jpg,english_setter
english_setter_68.jpg,english_setter
english_setter_17.jpg,english_setter
english_setter_87.jpg,english_setter
english_setter_79.jpg,english_setter
english_setter_15.jpg,english_setter
english_setter_56.jpg,english_setter
english_setter_173.jpg,english_setter
english_setter_160.jpg,english_setter
english_setter_30.jpg,english_setter
english_setter_113.jpg,english_setter
english_setter_52.jpg,english_setter
english_setter_183.jpg,english_setter
english_setter_158.jpg,english_setter
english_setter_153.jpg,english_setter
english_setter_175.jpg,english_setter
english_setter_16.jpg,english_setter
english_setter_31.jpg,english_setter
english_setter_38.jpg,english_setter
english_setter_107.jpg,english_setter
english_setter_115.jpg,english_setter
english_setter_149.jpg,english_setter
english_setter_167.jpg,english_setter
english_setter_54.jpg,english_setter
english_setter_193.jpg,english_setter
english_setter_40.jpg,english_setter
english_setter_42.jpg,english_setter
english_setter_67.jpg,english_setter
english_setter_168.jpg,english_setter
english_setter_170.jpg,english_setter
english_setter_97.jpg,english_setter
english_setter_133.jpg,english_setter
english_setter_120.jpg,english_setter
english_setter_29.jpg,english_setter
english_setter_95.jpg,english_setter
english_setter_125.jpg,english_setter
english_setter_116.jpg,english_setter
english_setter_48.jpg,english_setter
english_setter_177.jpg,english_setter
english_setter_21.jpg,english_setter
english_setter_75.jpg,english_setter
english_setter_103.jpg,english_setter
english_setter_32.jpg,english_setter
english_setter_24.jpg,english_setter
english_setter_165.jpg,english_setter
english_setter_45.jpg,english_setter
english_setter_188.jpg,english_setter
english_setter_74.jpg,english_setter
english_setter_186.jpg,english_setter
german_shorthaired_185.jpg,german_shorthaired
german_shorthaired_112.jpg,german_shorthaired
german_shorthaired_126.jpg,german_shorthaired
german_shorthaired_61.jpg,german_shorthaired
german_shorthaired_34.jpg,german_shorthaired
german_shorthaired_22.jpg,german_shorthaired
german_shorthaired_161.jpg,german_shorthaired
german_shorthaired_72.jpg,german_shorthaired
german_shorthaired_76.jpg,german_shorthaired
german_shorthaired_14.jpg,german_shorthaired
german_shorthaired_159.jpg,german_shorthaired
german_shorthaired_83.jpg,german_shorthaired
german_shorthaired_68.jpg,german_shorthaired
german_shorthaired_17.jpg,german_shorthaired
german_shorthaired_87.jpg,german_shorthaired
german_shorthaired_79.jpg,german_shorthaired
german_shorthaired_15.jpg,german_shorthaired
german_shorthaired_56.jpg,german_shorthaired
german_shorthaired_173.jpg,german_shorthaired
german_shorthaired_160.jpg,german_shorthaired
german_shorthaired_30.jpg,german_shorthaired
german_shorthaired_113.jpg,german_shorthaired
german_shorthaired_52.jpg,german_shorthaired
german_shorthaired_183.jpg,german_shorthaired
german_shorthaired_158.jpg,german_shorthaired
german_shorthaired_153.jpg,german_shorthaired
german_shorthaired_175.jpg,german_shorthaired
german_shorthaired_16.jpg,german_shorthaired
german_shorthaired_31.jpg,german_shorthaired
german_shorthaired_38.jpg,german_shorthaired
german_shorthaired_107.jpg,german_shorthaired
german_shorthaired_115.jpg,german_shorthaired
german_shorthaired_149.jpg,german_shorthaired
german_shorthaired_167.jpg,german_shorthaired
german_shorthaired_54.jpg,german_shorthaired
german_shorthaired_193.jpg,german_shorthaired
german_shorthaired_40.jpg,german_shorthaired
german_shorthaired_42.jpg,german_shorthaired
german_shorthaired_67.jpg,german_shorthaired
german_shorthaired_168.jpg,german_shorthaired
german_shorthaired_170.jpg,german_shorthaired
german_shorthaired_97.jpg,german_shorthaired
german_shorthaired_133.jpg,german_shorthaired
german_shorthaired_120.jpg,german_shorthaired
german_shorthaired_29.jpg,german_shorthaired
german_shorthaired_95.jpg,german_shorthaired
german_shorthaired_125.jpg,german_shorthaired
german_shorthaired_116.jpg,german_shorthaired
german_shorthaired_48.jpg,german_shorthaired
german_shorthaired_177.jpg,german_shorthaired
german_shorthaired_21.jpg,german_shorthaired
german_shorthaired_75.jpg,german_shorthaired
german_shorthaired_103.jpg,german_shorthaired
german_shorthaired_32.jpg,german_shorthaired
german_shorthaired_24.jpg,german_shorthaired
german_shorthaired_165.jpg,german_shorthaired
german_shorthaired_45.jpg,german_shorthaired
german_shorthaired_188.jpg,german_shorthaired
german_shorthaired_74.jpg,german_shorthaired
german_shorthaired_186.jpg,german_shorthaired
great_pyrenees_185.jpg,great_pyrenees
great_pyrenees_112.jpg,great_pyrenees
great_pyrenees_126.jpg,great_pyrenees
great_pyrenees_61.jpg,great_pyrenees
great_pyrenees_34.jpg,great_pyrenees
great_pyrenees_22.jpg,great_pyrenees
great_pyrenees_161.jpg,great_pyrenees
great_pyrenees_72.jpg,great_pyrenees
great_pyrenees_76.jpg,great_pyrenees
great_pyrenees_14.jpg,great_pyrenees
great_pyrenees_159.jpg,great_pyrenees
great_pyrenees_83.jpg,great_pyrenees
great_pyrenees_68.jpg,great_pyrenees
great_pyrenees_17.jpg,great_pyrenees
great_pyrenees_87.jpg,great_pyrenees
great_pyrenees_79.jpg,great_pyrenees
great_pyrenees_15.jpg,great_pyrenees
great_pyrenees_56.jpg,great_pyrenees
great_pyrenees_173.jpg,great_pyrenees
great_pyrenees_160.jpg,great_pyrenees
great_pyrenees_30.jpg,great_pyrenees
great_pyrenees_113.jpg,great_pyrenees
great_pyrenees_52.jpg,great_pyrenees
great_pyrenees_183.jpg,great_pyrenees
great_pyrenees_158.jpg,great_pyrenees
great_pyrenees_153.jpg,great_pyrenees
great_pyrenees_175.jpg,great_pyrenees
great_pyrenees_16.jpg,great_pyrenees
great_pyrenees_31.jpg,great_pyrenees
great_pyrenees_38.jpg,great_pyrenees
great_pyrenees_107.jpg,great_pyrenees
great_pyrenees_115.jpg,great_pyrenees
great_pyrenees_149.jpg,great_pyrenees
great_pyrenees_167.jpg,great_pyrenees
great_pyrenees_54.jpg,great_pyrenees
great_pyrenees_193.jpg,great_pyrenees
great_pyrenees_40.jpg,great_pyrenees
great_pyrenees_42.jpg,great_pyrenees
great_pyrenees_67.jpg,great_pyrenees
great_pyrenees_168.jpg,great_pyrenees
great_pyrenees_170.jpg,great_pyrenees
great_pyrenees_97.jpg,great_pyrenees
great_pyrenees_133.jpg,great_pyrenees
great_pyrenees_120.jpg,great_pyrenees
great_pyrenees_29.jpg,great_pyrenees
great_pyrenees_95.jpg,great_pyrenees
great_pyrenees_125.jpg,great_pyrenees
great_pyrenees_116.jpg,great_pyrenees
great_pyrenees_48.jpg,great_pyrenees
great_pyrenees_177.jpg,great_pyrenees
great_pyrenees_21.jpg,great_pyrenees
great_pyrenees_75.jpg,great_pyrenees
great_pyrenees_103.jpg,great_pyrenees
great_pyrenees_32.jpg,great_pyrenees
great_pyrenees_24.jpg,great_pyrenees
great_pyrenees_165.jpg,great_pyrenees
great_pyrenees_45.jpg,great_pyrenees
great_pyrenees_188.jpg,great_pyrenees
great_pyrenees_74.jpg,great_pyrenees
great_pyrenees_186.jpg,great_pyrenees
havanese_185.jpg,havanese
havanese_112.jpg,havanese
havanese_126.jpg,havanese
havanese_61.jpg,havanese
havanese_34.jpg,havanese
havanese_22.jpg,havanese
havanese_161.jpg,havanese
havanese_72.jpg,havanese
havanese_76.jpg,havanese
havanese_14.jpg,havanese
havanese_159.jpg,havanese
havanese_83.jpg,havanese
havanese_68.jpg,havanese
havanese_17.jpg,havanese
havanese_87.jpg,havanese
havanese_79.jpg,havanese
havanese_15.jpg,havanese
havanese_56.jpg,havanese
havanese_173.jpg,havanese
havanese_160.jpg,havanese
havanese_30.jpg,havanese
havanese_113.jpg,havanese
havanese_52.jpg,havanese
havanese_183.jpg,havanese
havanese_158.jpg,havanese
havanese_153.jpg,havanese
havanese_175.jpg,havanese
havanese_16.jpg,havanese
havanese_31.jpg,havanese
havanese_38.jpg,havanese
havanese_107.jpg,havanese
havanese_115.jpg,havanese
havanese_149.jpg,havanese
havanese_167.jpg,havanese
havanese_54.jpg,havanese
havanese_193.jpg,havanese
havanese_40.jpg,havanese
havanese_42.jpg,havanese
havanese_67.jpg,havanese
havanese_168.jpg,havanese
havanese_170.jpg,havanese
havanese_97.jpg,havanese
havanese_133.jpg,havanese
havanese_120.jpg,havanese
havanese_29.jpg,havanese
havanese_95.jpg,havanese
havanese_125.jpg,havanese
havanese_116.jpg,havanese
havanese_48.jpg,havanese
havanese_177.jpg,havanese
havanese_21.jpg,havanese
havanese_75.jpg,havanese
havanese_103.jpg,havanese
havanese_32.jpg,havanese
havanese_24.jpg,havanese
havanese_165.jpg,havanese
havanese_45.jpg,havanese
havanese_188.jpg,havanese
havanese_74.jpg,havanese
havanese_186.jpg,havanese
japanese_chin_185.jpg,japanese_chin
japanese_chin_112.jpg,japanese_chin
japanese_chin_126.jpg,japanese_chin
japanese_chin_61.jpg,japanese_chin
japanese_chin_34.jpg,japanese_chin
japanese_chin_22.jpg,japanese_chin
japanese_chin_161.jpg,japanese_chin
japanese_chin_72.jpg,japanese_chin
japanese_chin_76.jpg,japanese_chin
japanese_chin_14.jpg,japanese_chin
japanese_chin_159.jpg,japanese_chin
japanese_chin_83.jpg,japanese_chin
japanese_chin_68.jpg,japanese_chin
japanese_chin_17.jpg,japanese_chin
japanese_chin_87.jpg,japanese_chin
japanese_chin_79.jpg,japanese_chin
japanese_chin_15.jpg,japanese_chin
japanese_chin_56.jpg,japanese_chin
japanese_chin_173.jpg,japanese_chin
japanese_chin_160.jpg,japanese_chin
japanese_chin_30.jpg,japanese_chin
japanese_chin_113.jpg,japanese_chin
japanese_chin_52.jpg,japanese_chin
japanese_chin_183.jpg,japanese_chin
japanese_chin_158.jpg,japanese_chin
japanese_chin_153.jpg,japanese_chin
japanese_chin_175.jpg,japanese_chin
japanese_chin_16.jpg,japanese_chin
japanese_chin_31.jpg,japanese_chin
japanese_chin_38.jpg,japanese_chin
japanese_chin_107.jpg,japanese_chin
japanese_chin_115.jpg,japanese_chin
japanese_chin_149.jpg,japanese_chin
japanese_chin_167.jpg,japanese_chin
japanese_chin_54.jpg,japanese_chin
japanese_chin_193.jpg,japanese_chin
japanese_chin_40.jpg,japanese_chin
japanese_chin_42.jpg,japanese_chin
japanese_chin_67.jpg,japanese_chin
japanese_chin_168.jpg,japanese_chin
japanese_chin_170.jpg,japanese_chin
japanese_chin_97.jpg,japanese_chin
japanese_chin_133.jpg,japanese_chin
japanese_chin_120.jpg,japanese_chin
japanese_chin_29.jpg,japanese_chin
japanese_chin_95.jpg,japanese_chin
japanese_chin_125.jpg,japanese_chin
japanese_chin_116.jpg,japanese_chin
japanese_chin_48.jpg,japanese_chin
japanese_chin_177.jpg,japanese_chin
japanese_chin_21.jpg,japanese_chin
japanese_chin_75.jpg,japanese_chin
japanese_chin_103.jpg,japanese_chin
japanese_chin_32.jpg,japanese_chin
japanese_chin_24.jpg,japanese_chin
japanese_chin_165.jpg,japanese_chin
japanese_chin_45.jpg,japanese_chin
japanese_chin_188.jpg,japanese_chin
japanese_chin_74.jpg,japanese_chin
japanese_chin_186.jpg,japanese_chin
keeshond_185.jpg,keeshond
keeshond_112.jpg,keeshond
keeshond_126.jpg,keeshond
keeshond_61.jpg,keeshond
keeshond_34.jpg,keeshond
keeshond_22.jpg,keeshond
keeshond_161.jpg,keeshond
keeshond_72.jpg,keeshond
keeshond_76.jpg,keeshond
keeshond_14.jpg,keeshond
keeshond_159.jpg,keeshond
keeshond_83.jpg,keeshond
keeshond_68.jpg,keeshond
keeshond_17.jpg,keeshond
keeshond_87.jpg,keeshond
keeshond_79.jpg,keeshond
keeshond_15.jpg,keeshond
keeshond_56.jpg,keeshond
keeshond_173.jpg,keeshond
keeshond_160.jpg,keeshond
keeshond_30.jpg,keeshond
keeshond_113.jpg,keeshond
keeshond_52.jpg,keeshond
keeshond_183.jpg,keeshond
keeshond_158.jpg,keeshond
keeshond_153.jpg,keeshond
keeshond_175.jpg,keeshond
keeshond_16.jpg,keeshond
keeshond_31.jpg,keeshond
keeshond_38.jpg,keeshond
keeshond_107.jpg,keeshond
keeshond_115.jpg,keeshond
keeshond_149.jpg,keeshond
keeshond_167.jpg,keeshond
keeshond_54.jpg,keeshond
keeshond_193.jpg,keeshond
keeshond_40.jpg,keeshond
keeshond_42.jpg,keeshond
keeshond_67.jpg,keeshond
keeshond_168.jpg,keeshond
keeshond_170.jpg,keeshond
keeshond_97.jpg,keeshond
keeshond_133.jpg,keeshond
keeshond_120.jpg,keeshond
keeshond_29.jpg,keeshond
keeshond_95.jpg,keeshond
keeshond_125.jpg,keeshond
keeshond_116.jpg,keeshond
keeshond_48.jpg,keeshond
keeshond_177.jpg,keeshond
keeshond_21.jpg,keeshond
keeshond_75.jpg,keeshond
keeshond_103.jpg,keeshond
keeshond_32.jpg,keeshond
keeshond_24.jpg,keeshond
keeshond_165.jpg,keeshond
keeshond_45.jpg,keeshond
keeshond_188.jpg,keeshond
keeshond_74.jpg,keeshond
keeshond_186.jpg,keeshond
leonberger_185.jpg,leonberger
leonberger_112.jpg,leonberger
leonberger_126.jpg,leonberger
leonberger_61.jpg,leonberger
leonberger_34.jpg,leonberger
leonberger_22.jpg,leonberger
leonberger_161.jpg,leonberger
leonberger_72.jpg,leonberger
leonberger_76.jpg,leonberger
leonberger_14.jpg,leonberger
leonberger_159.jpg,leonberger
leonberger_83.jpg,leonberger
leonberger_68.jpg,leonberger
leonberger_17.jpg,leonberger
leonberger_87.jpg,leonberger
leonberger_79.jpg,leonberger
leonberger_15.jpg,leonberger
leonberger_56.jpg,leonberger
leonberger_173.jpg,leonberger
leonberger_160.jpg,leonberger
leonberger_30.jpg,leonberger
leonberger_113.jpg,leonberger
leonberger_52.jpg,leonberger
leonberger_183.jpg,leonberger
leonberger_158.jpg,leonberger
leonberger_153.jpg,leonberger
leonberger_175.jpg,leonberger
leonberger_16.jpg,leonberger
leonberger_31.jpg,leonberger
leonberger_38.jpg,leonberger
leonberger_107.jpg,leonberger
leonberger_115.jpg,leonberger
leonberger_149.jpg,leonberger
leonberger_167.jpg,leonberger
leonberger_54.jpg,leonberger
leonberger_193.jpg,leonberger
leonberger_40.jpg,leonberger
leonberger_42.jpg,leonberger
leonberger_67.jpg,leonberger
leonberger_168.jpg,leonberger
leonberger_170.jpg,leonberger
leonberger_97.jpg,leonberger
leonberger_133.jpg,leonberger
leonberger_120.jpg,leonberger
leonberger_29.jpg,leonberger
leonberger_95.jpg,leonberger
leonberger_125.jpg,leonberger
leonberger_116.jpg,leonberger
leonberger_48.jpg,leonberger
leonberger_177.jpg,leonberger
leonberger_21.jpg,leonberger
leonberger_75.jpg,leonberger
leonberger_103.jpg,leonberger
leonberger_32.jpg,leonberger
leonberger_24.jpg,leonberger
leonberger_165.jpg,leonberger
leonberger_45.jpg,leonberger
leonberger_188.jpg,leonberger
leonberger_74.jpg,leonberger
leonberger_186.jpg,leonberger
miniature_pinscher_185.jpg,miniature_pinscher
miniature_pinscher_112.jpg,miniature_pinscher
miniature_pinscher_126.jpg,miniature_pinscher
miniature_pinscher_61.jpg,miniature_pinscher
miniature_pinscher_34.jpg,miniature_pinscher
miniature_pinscher_22.jpg,miniature_pinscher
miniature_pinscher_161.jpg,miniature_pinscher
miniature_pinscher_72.jpg,miniature_pinscher
miniature_pinscher_76.jpg,miniature_pinscher
miniature_pinscher_14.jpg,miniature_pinscher
miniature_pinscher_159.jpg,miniature_pinscher
miniature_pinscher_83.jpg,miniature_pinscher
miniature_pinscher_68.jpg,miniature_pinscher
miniature_pinscher_17.jpg,miniature_pinscher
miniature_pinscher_87.jpg,miniature_pinscher
miniature_pinscher_79.jpg,miniature_pinscher
miniature_pinscher_15.jpg,miniature_pinscher
miniature_pinscher_56.jpg,miniature_pinscher
miniature_pinscher_173.jpg,miniature_pinscher
miniature_pinscher_160.jpg,miniature_pinscher
miniature_pinscher_30.jpg,miniature_pinscher
miniature_pinscher_113.jpg,miniature_pinscher
miniature_pinscher_52.jpg,miniature_pinscher
miniature_pinscher_183.jpg,miniature_pinscher
miniature_pinscher_158.jpg,miniature_pinscher
miniature_pinscher_153.jpg,miniature_pinscher
miniature_pinscher_175.jpg,miniature_pinscher
miniature_pinscher_16.jpg,miniature_pinscher
miniature_pinscher_31.jpg,miniature_pinscher
miniature_pinscher_38.jpg,miniature_pinscher
miniature_pinscher_107.jpg,miniature_pinscher
miniature_pinscher_115.jpg,miniature_pinscher
miniature_pinscher_149.jpg,miniature_pinscher
miniature_pinscher_167.jpg,miniature_pinscher
miniature_pinscher_54.jpg,miniature_pinscher
miniature_pinscher_193.jpg,miniature_pinscher
miniature_pinscher_40.jpg,miniature_pinscher
miniature_pinscher_42.jpg,miniature_pinscher
miniature_pinscher_67.jpg,miniature_pinscher
miniature_pinscher_168.jpg,miniature_pinscher
miniature_pinscher_170.jpg,miniature_pinscher
miniature_pinscher_97.jpg,miniature_pinscher
miniature_pinscher_133.jpg,miniature_pinscher
miniature_pinscher_120.jpg,miniature_pinscher
miniature_pinscher_29.jpg,miniature_pinscher
miniature_pinscher_95.jpg,miniature_pinscher
miniature_pinscher_125.jpg,miniature_pinscher
miniature_pinscher_116.jpg,miniature_pinscher
miniature_pinscher_48.jpg,miniature_pinscher
miniature_pinscher_177.jpg,miniature_pinscher
miniature_pinscher_21.jpg,miniature_pinscher
miniature_pinscher_75.jpg,miniature_pinscher
miniature_pinscher_103.jpg,miniature_pinscher
miniature_pinscher_32.jpg,miniature_pinscher
miniature_pinscher_24.jpg,miniature_pinscher
miniature_pinscher_165.jpg,miniature_pinscher
miniature_pinscher_45.jpg,miniature_pinscher
miniature_pinscher_188.jpg,miniature_pinscher
miniature_pinscher_74.jpg,miniature_pinscher
miniature_pinscher_186.jpg,miniature_pinscher
newfoundland_185.jpg,newfoundland
newfoundland_112.jpg,newfoundland
newfoundland_126.jpg,newfoundland
newfoundland_61.jpg,newfoundland
newfoundland_34.jpg,newfoundland
newfoundland_22.jpg,newfoundland
newfoundland_161.jpg,newfoundland
newfoundland_72.jpg,newfoundland
newfoundland_76.jpg,newfoundland
newfoundland_14.jpg,newfoundland
newfoundland_159.jpg,newfoundland
newfoundland_83.jpg,newfoundland
newfoundland_68.jpg,newfoundland
newfoundland_17.jpg,newfoundland
newfoundland_87.jpg,newfoundland
newfoundland_79.jpg,newfoundland
newfoundland_15.jpg,newfoundland
newfoundland_56.jpg,newfoundland
newfoundland_173.jpg,newfoundland
newfoundland_160.jpg,newfoundland
newfoundland_30.jpg,newfoundland
newfoundland_113.jpg,newfoundland
newfoundland_52.jpg,newfoundland
newfoundland_183.jpg,newfoundland
newfoundland_158.jpg,newfoundland
newfoundland_153.jpg,newfoundland
newfoundland_175.jpg,newfoundland
newfoundland_16.jpg,newfoundland
newfoundland_31.jpg,newfoundland
newfoundland_38.jpg,newfoundland
newfoundland_107.jpg,newfoundland
newfoundland_115.jpg,newfoundland
newfoundland_149.jpg,newfoundland
newfoundland_167.jpg,newfoundland
newfoundland_54.jpg,newfoundland
newfoundland_193.jpg,newfoundland
newfoundland_40.jpg,newfoundland
newfoundland_42.jpg,newfoundland
newfoundland_67.jpg,newfoundland
newfoundland_168.jpg,newfoundland
newfoundland_170.jpg,newfoundland
newfoundland_97.jpg,newfoundland
newfoundland_133.jpg,newfoundland
newfoundland_120.jpg,newfoundland
newfoundland_29.jpg,newfoundland
newfoundland_95.jpg,newfoundland
newfoundland_125.jpg,newfoundland
newfoundland_116.jpg,newfoundland
newfoundland_48.jpg,newfoundland
newfoundland_177.jpg,newfoundland
newfoundland_21.jpg,newfoundland
newfoundland_75.jpg,newfoundland
newfoundland_103.jpg,newfoundland
newfoundland_32.jpg,newfoundland
newfoundland_24.jpg,newfoundland
newfoundland_165.jpg,newfoundland
newfoundland_45.jpg,newfoundland
newfoundland_188.jpg,newfoundland
newfoundland_74.jpg,newfoundland
newfoundland_186.jpg,newfoundland
pomeranian_185.jpg,pomeranian
pomeranian_112.jpg,pomeranian
pomeranian_126.jpg,pomeranian
pomeranian_61.jpg,pomeranian
pomeranian_34.jpg,pomeranian
pomeranian_22.jpg,pomeranian
pomeranian_161.jpg,pomeranian
pomeranian_72.jpg,pomeranian
pomeranian_76.jpg,pomeranian
pomeranian_14.jpg,pomeranian
pomeranian_159.jpg,pomeranian
pomeranian_83.jpg,pomeranian
pomeranian_68.jpg,pomeranian
pomeranian_17.jpg,pomeranian
pomeranian_87.jpg,pomeranian
pomeranian_79.jpg,pomeranian
pomeranian_15.jpg,pomeranian
pomeranian_56.jpg,pomeranian
pomeranian_173.jpg,pomeranian
pomeranian_160.jpg,pomeranian
pomeranian_30.jpg,pomeranian
pomeranian_113.jpg,pomeranian
pomeranian_52.jpg,pomeranian
pomeranian_183.jpg,pomeranian
pomeranian_158.jpg,pomeranian
pomeranian_153.jpg,pomeranian
pomeranian_175.jpg,pomeranian
pomeranian_16.jpg,pomeranian
pomeranian_31.jpg,pomeranian
pomeranian_38.jpg,pomeranian
pomeranian_107.jpg,pomeranian
pomeranian_115.jpg,pomeranian
pomeranian_149.jpg,pomeranian
pomeranian_167.jpg,pomeranian
pomeranian_54.jpg,pomeranian
pomeranian_193.jpg,pomeranian
pomeranian_40.jpg,pomeranian
pomeranian_42.jpg,pomeranian
pomeranian_67.jpg,pomeranian
pomeranian_168.jpg,pomeranian
pomeranian_170.jpg,pomeranian
pomeranian_97.jpg,pomeranian
pomeranian_133.jpg,pomeranian
pomeranian_120.jpg,pomeranian
pomeranian_29.jpg,pomeranian
pomeranian_95.jpg,pomeranian
pomeranian_125.jpg,pomeranian
pomeranian_116.jpg,pomeranian
pomeranian_48.jpg,pomeranian
pomeranian_177.jpg,pomeranian
pomeranian_21.jpg,pomeranian
pomeranian_75.jpg,pomeranian
pomeranian_103.jpg,pomeranian
pomeranian_32.jpg,pomeranian
pomeranian_24.jpg,pomeranian
pomeranian_165.jpg,pomeranian
pomeranian_45.jpg,pomeranian
pomeranian_188.jpg,pomeranian
pomeranian_74.jpg,pomeranian
pomeranian_186.jpg,pomeranian
pug_187.jpg,pug
pug_112.jpg,pug
pug_127.jpg,pug
pug_60.jpg,pug
pug_33.jpg,pug
pug_21.jpg,pug
pug_163.jpg,pug
pug_71.jpg,pug
pug_75.jpg,pug
pug_140.jpg,pug
pug_160.jpg,pug
pug_82.jpg,pug
pug_67.jpg,pug
pug_171.jpg,pug
pug_87.jpg,pug
pug_78.jpg,pug
pug_150.jpg,pug
pug_55.jpg,pug
pug_175.jpg,pug
pug_162.jpg,pug
pug_3.jpg,pug
pug_114.jpg,pug
pug_51.jpg,pug
pug_185.jpg,pug
pug_16.jpg,pug
pug_155.jpg,pug
pug_177.jpg,pug
pug_161.jpg,pug
pug_30.jpg,pug
pug_37.jpg,pug
pug_107.jpg,pug
pug_116.jpg,pug
pug_15.jpg,pug
pug_169.jpg,pug
pug_53.jpg,pug
pug_195.jpg,pug
pug_4.jpg,pug
pug_41.jpg,pug
pug_66.jpg,pug
pug_17.jpg,pug
pug_172.jpg,pug
pug_97.jpg,pug
pug_134.jpg,pug
pug_121.jpg,pug
pug_28.jpg,pug
pug_95.jpg,pug
pug_126.jpg,pug
pug_117.jpg,pug
pug_47.jpg,pug
pug_179.jpg,pug
pug_203.jpg,pug
pug_74.jpg,pug
pug_103.jpg,pug
pug_31.jpg,pug
pug_23.jpg,pug
pug_167.jpg,pug
pug_44.jpg,pug
pug_19.jpg,pug
pug_73.jpg,pug
pug_188.jpg,pug
saint_bernard_185.jpg,saint_bernard
saint_bernard_112.jpg,saint_bernard
saint_bernard_126.jpg,saint_bernard
saint_bernard_61.jpg,saint_bernard
saint_bernard_34.jpg,saint_bernard
saint_bernard_22.jpg,saint_bernard
saint_bernard_161.jpg,saint_bernard
saint_bernard_72.jpg,saint_bernard
saint_bernard_76.jpg,saint_bernard
saint_bernard_14.jpg,saint_bernard
saint_bernard_159.jpg,saint_bernard
saint_bernard_83.jpg,saint_bernard
saint_bernard_68.jpg,saint_bernard
saint_bernard_17.jpg,saint_bernard
saint_bernard_87.jpg,saint_bernard
saint_bernard_79.jpg,saint_bernard
saint_bernard_15.jpg,saint_bernard
saint_bernard_56.jpg,saint_bernard
saint_bernard_173.jpg,saint_bernard
saint_bernard_160.jpg,saint_bernard
saint_bernard_30.jpg,saint_bernard
saint_bernard_113.jpg,saint_bernard
saint_bernard_52.jpg,saint_bernard
saint_bernard_183.jpg,saint_bernard
saint_bernard_158.jpg,saint_bernard
saint_bernard_153.jpg,saint_bernard
saint_bernard_175.jpg,saint_bernard
saint_bernard_16.jpg,saint_bernard
saint_bernard_31.jpg,saint_bernard
saint_bernard_38.jpg,saint_bernard
saint_bernard_107.jpg,saint_bernard
saint_bernard_115.jpg,saint_bernard
saint_bernard_149.jpg,saint_bernard
saint_bernard_167.jpg,saint_bernard
saint_bernard_54.jpg,saint_bernard
saint_bernard_193.jpg,saint_bernard
saint_bernard_40.jpg,saint_bernard
saint_bernard_42.jpg,saint_bernard
saint_bernard_67.jpg,saint_bernard
saint_bernard_168.jpg,saint_bernard
saint_bernard_170.jpg,saint_bernard
saint_bernard_97.jpg,saint_bernard
saint_bernard_133.jpg,saint_bernard
saint_bernard_120.jpg,saint_bernard
saint_bernard_29.jpg,saint_bernard
saint_bernard_95.jpg,saint_bernard
saint_bernard_125.jpg,saint_bernard
saint_bernard_116.jpg,saint_bernard
saint_bernard_48.jpg,saint_bernard
saint_bernard_177.jpg,saint_bernard
saint_bernard_21.jpg,saint_bernard
saint_bernard_75.jpg,saint_bernard
saint_bernard_103.jpg,saint_bernard
saint_bernard_32.jpg,saint_bernard
saint_bernard_24.jpg,saint_bernard
saint_bernard_165.jpg,saint_bernard
saint_bernard_45.jpg,saint_bernard
saint_bernard_188.jpg,saint_bernard
saint_bernard_74.jpg,saint_bernard
saint_bernard_186.jpg,saint_bernard
samoyed_185.jpg,samoyed
samoyed_112.jpg,samoyed
samoyed_126.jpg,samoyed
samoyed_61.jpg,samoyed
samoyed_34.jpg,samoyed
samoyed_22.jpg,samoyed
samoyed_161.jpg,samoyed
samoyed_72.jpg,samoyed
samoyed_76.jpg,samoyed
samoyed_14.jpg,samoyed
samoyed_159.jpg,samoyed
samoyed_83.jpg,samoyed
samoyed_68.jpg,samoyed
samoyed_17.jpg,samoyed
samoyed_87.jpg,samoyed
samoyed_79.jpg,samoyed
samoyed_15.jpg,samoyed
samoyed_56.jpg,samoyed
samoyed_173.jpg,samoyed
samoyed_160.jpg,samoyed
samoyed_30.jpg,samoyed
samoyed_113.jpg,samoyed
samoyed_52.jpg,samoyed
samoyed_183.jpg,samoyed
samoyed_158.jpg,samoyed
samoyed_153.jpg,samoyed
samoyed_175.jpg,samoyed
samoyed_16.jpg,samoyed
samoyed_31.jpg,samoyed
samoyed_38.jpg,samoyed
samoyed_107.jpg,samoyed
samoyed_115.jpg,samoyed
samoyed_149.jpg,samoyed
samoyed_167.jpg,samoyed
samoyed_54.jpg,samoyed
samoyed_194.jpg,samoyed
samoyed_40.jpg,samoyed
samoyed_42.jpg,samoyed
samoyed_67.jpg,samoyed
samoyed_168.jpg,samoyed
samoyed_170.jpg,samoyed
samoyed_97.jpg,samoyed
samoyed_133.jpg,samoyed
samoyed_120.jpg,samoyed
samoyed_29.jpg,samoyed
samoyed_95.jpg,samoyed
samoyed_125.jpg,samoyed
samoyed_116.jpg,samoyed
samoyed_48.jpg,samoyed
samoyed_177.jpg,samoyed
samoyed_21.jpg,samoyed
samoyed_75.jpg,samoyed
samoyed_103.jpg,samoyed
samoyed_32.jpg,samoyed
samoyed_24.jpg,samoyed
samoyed_165.jpg,samoyed
samoyed_45.jpg,samoyed
samoyed_188.jpg,samoyed
samoyed_74.jpg,samoyed
samoyed_186.jpg,samoyed
scottish_terrier_173.jpg,scottish_terrier
scottish_terrier_112.jpg,scottish_terrier
scottish_terrier_2.jpg,scottish_terrier
scottish_terrier_8.jpg,scottish_terrier
scottish_terrier_168.jpg,scottish_terrier
scottish_terrier_67.jpg,scottish_terrier
scottish_terrier_160.jpg,scottish_terrier
scottish_terrier_16.jpg,scottish_terrier
scottish_terrier_28.jpg,scottish_terrier
scottish_terrier_76.jpg,scottish_terrier
scottish_terrier_79.jpg,scottish_terrier
scottish_terrier_53.jpg,scottish_terrier
scottish_terrier_158.jpg,scottish_terrier
scottish_terrier_126.jpg,scottish_terrier
scottish_terrier_177.jpg,scottish_terrier
scottish_terrier_176.jpg,scottish_terrier
scottish_terrier_149.jpg,scottish_terrier
scottish_terrier_153.jpg,scottish_terrier
scottish_terrier_180.jpg,scottish_terrier
scottish_terrier_63.jpg,scottish_terrier
scottish_terrier_113.jpg,scottish_terrier
scottish_terrier_31.jpg,scottish_terrier
scottish_terrier_186.jpg,scottish_terrier
scottish_terrier_75.jpg,scottish_terrier
scottish_terrier_159.jpg,scottish_terrier
scottish_terrier_90.jpg,scottish_terrier
scottish_terrier_52.jpg,scottish_terrier
scottish_terrier_107.jpg,scottish_terrier
scottish_terrier_115.jpg,scottish_terrier
scottish_terrier_35.jpg,scottish_terrier
scottish_terrier_91.jpg,scottish_terrier
scottish_terrier_14.jpg,scottish_terrier
scottish_terrier_93.jpg,scottish_terrier
scottish_terrier_68.jpg,scottish_terrier
scottish_terrier_190.jpg,scottish_terrier
scottish_terrier_161.jpg,scottish_terrier
scottish_terrier_33.jpg,scottish_terrier
scottish_terrier_30.jpg,scottish_terrier
scottish_terrier_167.jpg,scottish_terrier
scottish_terrier_17.jpg,scottish_terrier
scottish_terrier_85.jpg,scottish_terrier
scottish_terrier_133.jpg,scottish_terrier
scottish_terrier_120.jpg,scottish_terrier
scottish_terrier_48.jpg,scottish_terrier
scottish_terrier_47.jpg,scottish_terrier
scottish_terrier_125.jpg,scottish_terrier
scottish_terrier_116.jpg,scottish_terrier
scottish_terrier_72.jpg,scottish_terrier
scottish_terrier_34.jpg,scottish_terrier
scottish_terrier_26.jpg,scottish_terrier
scottish_terrier_15.jpg,scottish_terrier
scottish_terrier_103.jpg,scottish_terrier
scottish_terrier_3.jpg,scottish_terrier
scottish_terrier_21.jpg,scottish_terrier
scottish_terrier_183.jpg,scottish_terrier
scottish_terrier_45.jpg,scottish_terrier
scottish_terrier_185.jpg,scottish_terrier
scottish_terrier_74.jpg,scottish_terrier
scottish_terrier_97.jpg,scottish_terrier
scottish_terrier_71.jpg,scottish_terrier
shiba_inu_193.jpg,shiba_inu
shiba_inu_112.jpg,shiba_inu
shiba_inu_126.jpg,shiba_inu
shiba_inu_61.jpg,shiba_inu
shiba_inu_34.jpg,shiba_inu
shiba_inu_22.jpg,shiba_inu
shiba_inu_165.jpg,shiba_inu
shiba_inu_72.jpg,shiba_inu
shiba_inu_76.jpg,shiba_inu
shiba_inu_140.jpg,shiba_inu
shiba_inu_162.jpg,shiba_inu
shiba_inu_83.jpg,shiba_inu
shiba_inu_68.jpg,shiba_inu
shiba_inu_176.jpg,shiba_inu
shiba_inu_87.jpg,shiba_inu
shiba_inu_79.jpg,shiba_inu
shiba_inu_153.jpg,shiba_inu
shiba_inu_56.jpg,shiba_inu
shiba_inu_18.jpg,shiba_inu
shiba_inu_164.jpg,shiba_inu
shiba_inu_30.jpg,shiba_inu
shiba_inu_113.jpg,shiba_inu
shiba_inu_52.jpg,shiba_inu
shiba_inu_191.jpg,shiba_inu
shiba_inu_161.jpg,shiba_inu
shiba_inu_157.jpg,shiba_inu
shiba_inu_181.jpg,shiba_inu
shiba_inu_163.jpg,shiba_inu
shiba_inu_31.jpg,shiba_inu
shiba_inu_38.jpg,shiba_inu
shiba_inu_107.jpg,shiba_inu
shiba_inu_115.jpg,shiba_inu
shiba_inu_152.jpg,shiba_inu
shiba_inu_173.jpg,shiba_inu
shiba_inu_54.jpg,shiba_inu
shiba_inu_202.jpg,shiba_inu
shiba_inu_40.jpg,shiba_inu
shiba_inu_42.jpg,shiba_inu
shiba_inu_67.jpg,shiba_inu
shiba_inu_174.jpg,shiba_inu
shiba_inu_177.jpg,shiba_inu
shiba_inu_97.jpg,shiba_inu
shiba_inu_133.jpg,shiba_inu
shiba_inu_120.jpg,shiba_inu
shiba_inu_29.jpg,shiba_inu
shiba_inu_95.jpg,shiba_inu
shiba_inu_125.jpg,shiba_inu
shiba_inu_116.jpg,shiba_inu
shiba_inu_48.jpg,shiba_inu
shiba_inu_183.jpg,shiba_inu
shiba_inu_212.jpg,shiba_inu
shiba_inu_75.jpg,shiba_inu
shiba_inu_103.jpg,shiba_inu
shiba_inu_32.jpg,shiba_inu
shiba_inu_24.jpg,shiba_inu
shiba_inu_171.jpg,shiba_inu
shiba_inu_45.jpg,shiba_inu
shiba_inu_196.jpg,shiba_inu
shiba_inu_74.jpg,shiba_inu
shiba_inu_194.jpg,shiba_inu
staffordshire_bull_terrier_64.jpg,staffordshire_bull_terrier
staffordshire_bull_terrier_173.jpg,staffordshire_bull_terrier
staffordshire_bull_terrier_7.jpg,staffordshire_bull_terrier
staffordshire_bull_terrier_165.jpg,staffordshire_bull_terrier
staffordshire_bull_terrier_158.jpg,staffordshire_bull_terrier
staffordshire_bull_terrier_112.jpg,staffordshire_bull_terrier
staffordshire_bull_terrier_107.jpg,staffordshire_bull_terrier
staffordshire_bull_terrier_113.jpg,staffordshire_bull_terrier
staffordshire_bull_terrier_42.jpg,staffordshire_bull_terrier
staffordshire_bull_terrier_4.jpg,staffordshire_bull_terrier
staffordshire_bull_terrier_52.jpg,staffordshire_bull_terrier
staffordshire_bull_terrier_68.jpg,staffordshire_bull_terrier
staffordshire_bull_terrier_115.jpg,staffordshire_bull_terrier
staffordshire_bull_terrier_72.jpg,staffordshire_bull_terrier
staffordshire_bull_terrier_28.jpg,staffordshire_bull_terrier
staffordshire_bull_terrier_90.jpg,staffordshire_bull_terrier
staffordshire_bull_terrier_67.jpg,staffordshire_bull_terrier
staffordshire_bull_terrier_163.jpg,staffordshire_bull_terrier
staffordshire_bull_terrier_76.jpg,staffordshire_bull_terrier
staffordshire_bull_terrier_137.jpg,staffordshire_bull_terrier
staffordshire_bull_terrier_126.jpg,staffordshire_bull_terrier
staffordshire_bull_terrier_120.jpg,staffordshire_bull_terrier
staffordshire_bull_terrier_166.jpg,staffordshire_bull_terrier
staffordshire_bull_terrier_198.jpg,staffordshire_bull_terrier
staffordshire_bull_terrier_168.jpg,staffordshire_bull_terrier
staffordshire_bull_terrier_29.jpg,staffordshire_bull_terrier
staffordshire_bull_terrier_196.jpg,staffordshire_bull_terrier
staffordshire_bull_terrier_116.jpg,staffordshire_bull_terrier
staffordshire_bull_terrier_14.jpg,staffordshire_bull_terrier
staffordshire_bull_terrier_174.jpg,staffordshire_bull_terrier
staffordshire_bull_terrier_8.jpg,staffordshire_bull_terrier
staffordshire_bull_terrier_167.jpg,staffordshire_bull_terrier
staffordshire_bull_terrier_103.jpg,staffordshire_bull_terrier
staffordshire_bull_terrier_46.jpg,staffordshire_bull_terrier
staffordshire_bull_terrier_19.jpg,staffordshire_bull_terrier
staffordshire_bull_terrier_75.jpg,staffordshire_bull_terrier
staffordshire_bull_terrier_24.jpg,staffordshire_bull_terrier
staffordshire_bull_terrier_91.jpg,staffordshire_bull_terrier
staffordshire_bull_terrier_95.jpg,staffordshire_bull_terrier
staffordshire_bull_terrier_130.jpg,staffordshire_bull_terrier
staffordshire_bull_terrier_2.jpg,staffordshire_bull_terrier
staffordshire_bull_terrier_151.jpg,staffordshire_bull_terrier
staffordshire_bull_terrier_49.jpg,staffordshire_bull_terrier
staffordshire_bull_terrier_176.jpg,staffordshire_bull_terrier
staffordshire_bull_terrier_195.jpg,staffordshire_bull_terrier
staffordshire_bull_terrier_125.jpg,staffordshire_bull_terrier
staffordshire_bull_terrier_55.jpg,staffordshire_bull_terrier
staffordshire_bull_terrier_147.jpg,staffordshire_bull_terrier
staffordshire_bull_terrier_73.jpg,staffordshire_bull_terrier
staffordshire_bull_terrier_92.jpg,staffordshire_bull_terrier
staffordshire_bull_terrier_127.jpg,staffordshire_bull_terrier
staffordshire_bull_terrier_66.jpg,staffordshire_bull_terrier
staffordshire_bull_terrier_11.jpg,staffordshire_bull_terrier
staffordshire_bull_terrier_136.jpg,staffordshire_bull_terrier
staffordshire_bull_terrier_39.jpg,staffordshire_bull_terrier
staffordshire_bull_terrier_152.jpg,staffordshire_bull_terrier
staffordshire_bull_terrier_34.jpg,staffordshire_bull_terrier
wheaten_terrier_185.jpg,wheaten_terrier
wheaten_terrier_112.jpg,wheaten_terrier
wheaten_terrier_126.jpg,wheaten_terrier
wheaten_terrier_61.jpg,wheaten_terrier
wheaten_terrier_34.jpg,wheaten_terrier
wheaten_terrier_22.jpg,wheaten_terrier
wheaten_terrier_161.jpg,wheaten_terrier
wheaten_terrier_72.jpg,wheaten_terrier
wheaten_terrier_76.jpg,wheaten_terrier
wheaten_terrier_14.jpg,wheaten_terrier
wheaten_terrier_159.jpg,wheaten_terrier
wheaten_terrier_83.jpg,wheaten_terrier
wheaten_terrier_68.jpg,wheaten_terrier
wheaten_terrier_17.jpg,wheaten_terrier
wheaten_terrier_87.jpg,wheaten_terrier
wheaten_terrier_79.jpg,wheaten_terrier
wheaten_terrier_15.jpg,wheaten_terrier
wheaten_terrier_56.jpg,wheaten_terrier
wheaten_terrier_173.jpg,wheaten_terrier
wheaten_terrier_160.jpg,wheaten_terrier
wheaten_terrier_30.jpg,wheaten_terrier
wheaten_terrier_113.jpg,wheaten_terrier
wheaten_terrier_52.jpg,wheaten_terrier
wheaten_terrier_183.jpg,wheaten_terrier
wheaten_terrier_158.jpg,wheaten_terrier
wheaten_terrier_153.jpg,wheaten_terrier
wheaten_terrier_175.jpg,wheaten_terrier
wheaten_terrier_16.jpg,wheaten_terrier
wheaten_terrier_31.jpg,wheaten_terrier
wheaten_terrier_38.jpg,wheaten_terrier
wheaten_terrier_107.jpg,wheaten_terrier
wheaten_terrier_115.jpg,wheaten_terrier
wheaten_terrier_149.jpg,wheaten_terrier
wheaten_terrier_167.jpg,wheaten_terrier
wheaten_terrier_54.jpg,wheaten_terrier
wheaten_terrier_193.jpg,wheaten_terrier
wheaten_terrier_40.jpg,wheaten_terrier
wheaten_terrier_42.jpg,wheaten_terrier
wheaten_terrier_67.jpg,wheaten_terrier
wheaten_terrier_168.jpg,wheaten_terrier
wheaten_terrier_170.jpg,wheaten_terrier
wheaten_terrier_97.jpg,wheaten_terrier
wheaten_terrier_133.jpg,wheaten_terrier
wheaten_terrier_120.jpg,wheaten_terrier
wheaten_terrier_29.jpg,wheaten_terrier
wheaten_terrier_95.jpg,wheaten_terrier
wheaten_terrier_125.jpg,wheaten_terrier
wheaten_terrier_116.jpg,wheaten_terrier
wheaten_terrier_48.jpg,wheaten_terrier
wheaten_terrier_177.jpg,wheaten_terrier
wheaten_terrier_21.jpg,wheaten_terrier
wheaten_terrier_75.jpg,wheaten_terrier
wheaten_terrier_103.jpg,wheaten_terrier
wheaten_terrier_32.jpg,wheaten_terrier
wheaten_terrier_24.jpg,wheaten_terrier
wheaten_terrier_165.jpg,wheaten_terrier
wheaten_terrier_45.jpg,wheaten_terrier
wheaten_terrier_188.jpg,wheaten_terrier
wheaten_terrier_74.jpg,wheaten_terrier
wheaten_terrier_186.jpg,wheaten_terrier
yorkshire_terrier_185.jpg,yorkshire_terrier
yorkshire_terrier_112.jpg,yorkshire_terrier
yorkshire_terrier_126.jpg,yorkshire_terrier
yorkshire_terrier_61.jpg,yorkshire_terrier
yorkshire_terrier_34.jpg,yorkshire_terrier
yorkshire_terrier_22.jpg,yorkshire_terrier
yorkshire_terrier_161.jpg,yorkshire_terrier
yorkshire_terrier_72.jpg,yorkshire_terrier
yorkshire_terrier_76.jpg,yorkshire_terrier
yorkshire_terrier_14.jpg,yorkshire_terrier
yorkshire_terrier_159.jpg,yorkshire_terrier
yorkshire_terrier_83.jpg,yorkshire_terrier
yorkshire_terrier_68.jpg,yorkshire_terrier
yorkshire_terrier_17.jpg,yorkshire_terrier
yorkshire_terrier_87.jpg,yorkshire_terrier
yorkshire_terrier_79.jpg,yorkshire_terrier
yorkshire_terrier_15.jpg,yorkshire_terrier
yorkshire_terrier_56.jpg,yorkshire_terrier
yorkshire_terrier_173.jpg,yorkshire_terrier
yorkshire_terrier_160.jpg,yorkshire_terrier
yorkshire_terrier_30.jpg,yorkshire_terrier
yorkshire_terrier_113.jpg,yorkshire_terrier
yorkshire_terrier_52.jpg,yorkshire_terrier
yorkshire_terrier_183.jpg,yorkshire_terrier
yorkshire_terrier_158.jpg,yorkshire_terrier
yorkshire_terrier_153.jpg,yorkshire_terrier
yorkshire_terrier_175.jpg,yorkshire_terrier
yorkshire_terrier_16.jpg,yorkshire_terrier
yorkshire_terrier_31.jpg,yorkshire_terrier
yorkshire_terrier_38.jpg,yorkshire_terrier
yorkshire_terrier_107.jpg,yorkshire_terrier
yorkshire_terrier_115.jpg,yorkshire_terrier
yorkshire_terrier_149.jpg,yorkshire_terrier
yorkshire_terrier_167.jpg,yorkshire_terrier
yorkshire_terrier_54.jpg,yorkshire_terrier
yorkshire_terrier_193.jpg,yorkshire_terrier
yorkshire_terrier_40.jpg,yorkshire_terrier
yorkshire_terrier_42.jpg,yorkshire_terrier
yorkshire_terrier_67.jpg,yorkshire_terrier
yorkshire_terrier_168.jpg,yorkshire_terrier
yorkshire_terrier_170.jpg,yorkshire_terrier
yorkshire_terrier_97.jpg,yorkshire_terrier
yorkshire_terrier_133.jpg,yorkshire_terrier
yorkshire_terrier_120.jpg,yorkshire_terrier
yorkshire_terrier_29.jpg,yorkshire_terrier
yorkshire_terrier_95.jpg,yorkshire_terrier
yorkshire_terrier_125.jpg,yorkshire_terrier
yorkshire_terrier_116.jpg,yorkshire_terrier
yorkshire_terrier_48.jpg,yorkshire_terrier
yorkshire_terrier_177.jpg,yorkshire_terrier
yorkshire_terrier_21.jpg,yorkshire_terrier
yorkshire_terrier_75.jpg,yorkshire_terrier
yorkshire_terrier_103.jpg,yorkshire_terrier
yorkshire_terrier_32.jpg,yorkshire_terrier
yorkshire_terrier_24.jpg,yorkshire_terrier
yorkshire_terrier_165.jpg,yorkshire_terrier
yorkshire_terrier_45.jpg,yorkshire_terrier
yorkshire_terrier_188.jpg,yorkshire_terrier
yorkshire_terrier_74.jpg,yorkshire_terrier
yorkshire_terrier_186.jpg,yorkshire_terrier
